type;lat;lon;address;n;services;fuel;region
1;46.402767;47.9925860;Астраханская область, Наримановский район, село Солянка, улица Магистральная, 30;26;mag, cafe, cls,  wc, pum;dt, ai95, ai92;8
1;46.407783;48.133633;Астраханская область, город Астрахань, Ленинский район, улица Краматорская, 147;27;mag, pum, cls;dt, ai95, ai92;8
1;46.344283;47.985267;Астраханская область, город Астрахань, Трусовский район, переулок Ульяновский, 27;28;mag, pum, cls;dt, ai95, ai92;8
1;46.401783;48.105417;Астраханская область, город Астрахань, Ленинский район, улица Автозаправочная, 5;29;mag, pum, wc;dt, ai95, ai92;8
1;46.361594;48.073758;Астраханская область, город Астрахань, Кировский район, улица Б. Алексеева, 49 Б;30;mag, pum, cls, wc;dt, ai95, ai92;8
1;46.5195;48.075;Астраханская область, Наримановский район, село Тулугановка, улица Баксанская, 4 ;31;mag;ai95, ai92;8
1;46.357758;48.095991;Астраханская область, город Астрахань, Ленинский район, улица Славянская, 1 Д;32;wc, mag, cafe, cls, pum;dt, ai95, ai92;8
1;47.415589;47.225024;Астраханская область, Харабалинский район, город Харабали, улица Дорожная, 3;33; mag;dt, ai95, ai92;8
1;46.359867;48.0635;Астраханская область, город Астрахань, Кировский район, улица Минусинская, 1;34;wc, mag, cafe, pum, cls;dt, ai95, ai92;8
1;46.334867;47.9788;Астраханская область, город Астрахань, Трусовский район, пл. Заводская, 94 Б;35;wc, mag;dt, ai95, ai92;8
2;46.376;48.001833;Астраханская область,  Наримановский район, поселок Пригородный, Николаевское шоссе, 1 Б;36;wc, mag, cafe, pum, cls;dt, ai95, ai92;8
1;46.402817;48.10622;Астраханская область, город Астрахань, Ленинский район, улица Автозаправочная, 8;37;wc, mag,  pum, cls;dt, ai95, ai92;8
1;46.33795;48.041583;Астраханская область, город Астрахань, Советский район, улица Ахшарумова, 90 Б;38;wc, mag,  pum, cls;dt, ai95, ai92;8
1;46.3394;48.0219;Астраханская область,  город Астрахань, Советский район, улица Боевая/Бакинская, 32/21 А;39;wc, mag,  pum, cls;dt, ai95, ai92;8
1;46.35885;48.055;Астраханская область, город Астрахань,  Ленинский район, улица Академика Королева, 43;40;wc, mag,  pum, cls;ai95, ai92;8
1;46.3834;48.092833;Астраханская область, город Астрахань, Ленинский район, улица Новороссийская, 4;41;mag;dt, ai95, ai92;8
1;46.46785;47.958367;Астраханская область, город Астрахань, Трусовский район, улица Автострадная, 10;42;wc, mag;dt, ai95, ai92;8
1;46.368083;47.991683;Астраханская область, город Астрахань, Трусовский район, улица Молдавская, 102 А;43;mag;ai95, ai92;8
1;46.316539;48.043386;Астраханская область,  город Астрахань , улица Рождественского, 2 А;438;;dt, ai95, ai92, sg;8
2;46.758331;48.046115;"Астраханская область, Красноярский район, поселок Аксарайский, в 180 м на северо-запад от стац.поста ГИБДД ""Тайга-1""";439;;dt, ai95, ai92;8
3;46.342773;48.118124;Астраханская область, город Астрахань, улица Началовская, 2 А;3001;;dt, ai95, ai92;8
3;46.390039;48.105915;Астраханская область, город Астрахань, улица Соликамская, 78;3002;;dt, ai95, ai92;8
2;51.191528;37.430666;Белгородская область, село Евгеньевка;44;wc, mag, cafe, glass, pum, cls;dt, ai95, ai92;7
2;50.583562;38.714406;Белгородская область, Алексеевский район,  пересечение дороги Белгород-Павловск и подъезда к город Алексеевка;45;mag;dt, ai95, ai92;7
2;50.638884;36.443189;Белгородская область, Белгородский район, автодорога  Белгород-Ахтырка, 12 км;46;wc, mag, cafe, glass, pum, cls;dt, ai95, ai92;7
1;50.54143;36.658461;Белгородская область, город Белгород, улица Волчанская, 201;47;wc, mag, glass, pum, cls;dt, ai98, ai95, ai92;7
2;50.537428;36.472483;Белгородская область, Белгородский район, автодорога Москва-Харьков, 678 км слева ;49;wc, mag, cafe, glass, pum, cls;dt, ai98, ai95, ai92;7
1;50.631146;36.571989;Белгородская область, город Белгород, проспект Б. Хмельницкого, 137 И;50;wc, mag, glass, pum, cls;dt, ai98, ai95, ai92;7
2;50.648199;36.56822;Белгородская область, Белгородский район, в границах ЗАО Агро-Хохлово;51;wc, mag, glass, pum, cls;dt, ai95, ai92, ai98 ;7
1;50.591465;36.600493;Белгородская область, город Белгород, улица Белгородского полка, 6;52;wc, mag;dt, ai98, ai95, ai92;7
1;50.613918;36.533484;Белгородская область, город Белгород, улица Сумская, 104;53;wc, mag, glass, pum, cls;dt, ai98, ai95, ai92;7
1;50.610202;36.613311;Белгородская область, город Белгород, улица Калинина, 94 А;55;wc, mag, glass, pum, cls;dt, ai98, ai95, ai92;7
1;50.602855;36.561342;Белгородская область, город Белгород, улица Сумская, 8 А;56;mag;dt, ai98, ai95, ai92;7
1;50.625366;36.652986;Белгородская область, Белгородский район, автодорога Белгород-Короча, 9 км справа;57;wc, mag,  glass, pum, cls;dt, ai98,  ai95, ai92, sg;7
1;50.555206;36.561664;Белгородская область, город Белгород, улица Есенина, 34 А;58;wc, mag, glass, pum, cls;dt, ai98, ai95, ai92;7
1;50.642591;38.399391;Белгородская область,Красногвардейский район, село Засосна, улица Ленина, 17 А;59;wc, mag, glass, pum, cls;dt, ai95, ai92;7
1;50.614902;36.613079;Белгородская область, город Белгород, улица Калинина, 91;132;wc, mag, glass, pum, cls;dt, ai98, ai95, ai92;7
1;50.657971;36.607552;Белгородская область, Белгородский р-он, село Беломестное, улица Западная, 1;133;wc, mag, cafe, glass, pum, cls;dt, ai98, ai95, ai92;7
2;50.781913;36.503526;Белгородская область, город Строитель, ФАД М-2 Крым, 645 км, +300 м слева;331;wc, mag, glass, pum, cls;dt, ai98, ai95, ai92;7
1;50.219171;38.083613;Белгородская область, город Валуйки, улица М. Горького, 82/7;332;mag, cafe, wc;dt, ai95, ai92;7
1;50.644035;38.682813;Белгородская область, город Алексеевка, переулок Острогожский, 2;333;wc, mag;dt, ai95, ai92;7
1;50.639164;38.668587;Белгородская область, город Алексеевка, улица Ленина, 164;334;wc, mag;dt, ai95, ai92, sg;7
2;50.532202;36.685542;Белгородская область, Белгородский р-он, пгт. Разумное, ул Ленина, 12;335;mag, wc;dt, ai95, ai92;7
1;50.574183;36.541457;Белгородская область, город Белгород, улица Магистральная, 2 Б;336;mag;dt, ai95, ai92;7
1;51.331355;37.873859;Белгородская область, город Старый Оскол, магистраль 1-1,  район ГСК  Сталь;338;mag;dt, ai95, ai92;7
2;51.272431;37.808428;Белгородская область, город Старый Оскол, пересечение южной объездной дороги и Комсомольского проспекта;339;wc, mag;dt, ai95, ai92;7
1;50.616;36.537797;Белгородская область, город Белгород, улица Чичерина, 2 М;420;wc, mag, glass, pum, cls;dt,  ai95, ai92;7
1;50.191116;38.099523;Белгородская область, город Валуйки, улица Никольская, 128;428;mag, wc;dt, ai95, ai92;7
2;50.802297;36.494838;Белгородская область, Яковлевский район, хутор Крапивенские Дворы, улица Магистральная;433;mag, wc;dt, ai95, ai92, sg;7
2;50.352416;36.302379;Белгородская обл., Белгородский район, 702км+200м (слева) а/д Москва-Харьков;434;mag, wc;dt, ai95, ai92, sg;7
1;50.553232;36.580781;г. Белгород, пр. Ватутина - ул. Щорса, объездная дорога;435;mag;dt, ai95, ai92, sg;7
1;50.381193;36.922227;Белгородская область, г. Шебекино, пересечение автодороги Шебекино-Волчанск и Белгород-Волоконовка;436;mag;dt, ai95, ai92, sg;7
1;50.221926;38.107151;Белгородская обл., г. Валуйки, ул.1 Мая 2/2;437;mag;dt, ai95, ai92, sg;7
3;50.551161;36.649632;Белгородская область, город Белгород, улица Волчанская, 159 В;3101;;dt, ai95, ai92;7
3;50.607973;36.630607;Белгородская область, город Белгород, улица Студенческая, 1 Т;3102;;dt, ai95, ai92;7
3;50.556487;36.598556;Белгородская область, город Белгород, улица Сургутская, 80 Б;3103;;dt, ai95, ai92;7
3;50.569027;36.536996;Белгородская область, город Белгород, улица Молодёжная, 21;3104;;dt, ai95, ai92;7
3;50.580436;36.668469;Белгородская область, город Белгород, улица Макаренко, 12 Д;3105;;dt, ai95, ai92;7
3;50.618261;36.612905;Белгородская область, город Белгород, улица Студенческая, 2 Р;3106;;dt, ai95, ai92;7
3;50.541809;36.655045;Белгородская область, город Белгород, улица Волчанская,  298;3107;;dt, ai95, ai92;7
3;50.582303;36.568158;Белгородская область, город Белгород, улица Щорса – улица 5 Августа;3108;;dt, ai95, ai92;7
1;53.288244;34.300108;Брянская область, город Брянск, улица Флотская, 19 А;139;wc, mag, cafe, glass, pum, cls;dt, ai95, ai92;5
2;53.053468;33.965451;Брянская область, Выгонический район, село Лопушь, автодорога Брянск-Новозыбков, 36 км, +250  слева;140;  mag, cafe, glass, pum, cls;dt, ai95, ai92, sg;5
2;51.883741;34.347374;Брянская область, Севский район, автодорога Украина, 518 км;324;wc,  mag, cafe, glass, pum, cls;dt, ai95, ai92;5
1;53.215467;34.419683;Брянская область, город Брянск, Фокинский район, пр-т Московский, 49;344;wc ;dt, ai95, ai92;5
2;53.209906;34.4705;Брянская область, Брянский район, Снежетьское лесничество, 18 -й квартал;345;wc, mag ;dt, ai95, ai92;5
2;53.171067;34.33715;Брянская область, Брянский район, поселок Свень, а/д  Москва-Бобруйск, 15 км, +300 м;346;mag;dt, ai95, ai92;5
2;53.404694;34.348575;Брянская область, Брянский район, село Дарковичи, улица Веселая, строение 1 А;347;wc, mag, cafe;dt, ai95, ai92;5
1;53.264981;34.321753;Брянская область, город Брянск, Советский район,  улица Авиационная, 13;348;wc, mag;dt, ai95, ai92;5
2;53.146367;34.882029;Брянская область, Карачевский район, автодорога Орел-Брянск-Смоленск, 88 км ;349;wc, mag ;dt, ai95, ai92;5
2;52.441527;31.624036;Брянская область,  автодорога Брянск-Гомель, автодорога М-13, км 220 слева;364;wc, mag ;dt, ai95, ai92;5
2;53.218067;34.317656;Брянская область, село Супонево, автодорога Брянск-Гомель М-13, 5 км слева;365;wc, mag, pum, cls;dt, ai95, ai92;5
2;53.120092;34.965219;Брянская область,  Карачевский район, город Карачев, улица Первомайская, квартал 80;366;wc, mag ;dt, ai95, ai92;5
1;53.243058;34.340036;Брянская область,  город Брянск, Советский район, улица Красноармейская, 93;367;wc, mag ;dt, ai95, ai92;5
2;53.643272;33.453244;Брянская область, Дубровский район, село Алешня, б/н;368;wc, mag ;dt, ai95, ai92;5
2;52.914;33.499542;Брянская область, Почепский район, автодорога  Брянск-Новозыбков,  пересечение с а/д  Почеп-Первомайский, 73 км;369;wc, mag ;dt, ai95, ai92;5
1;53.028708;32.373507;Брянская область, город Сураж, улица Белорусская, 152 А;370;wc, mag, pum, cls, glass;dt, ai95, ai92;5
1;53.33747;34.21427;Брянская область, город Брянск, Бежицкий район, улица Шоссейная, 77;380;wc, mag ;dt, ai95, ai92;5
3;53.207454;34.464406;Брянская область,  город Брянск, Московский проспект, 156 А;3201;;dt, ai95, ai92;5
3;53.282805;34.390929;Брянская область, город Брянск, пересечение проспект Щорса и улица Академика Королёва;3202;;dt, ai95, ai92;5
3;53.332001;34.308801;Брянская область,город Брянск, улица Почтовая;3203;;dt, ai95, ai92;5
3;53.29404;34.257153;Брянская область,город Брянск, улица Сахарова,  1 А;3204;;dt, ai95, ai92;5
3;53.257964;34.389136;Брянская область, город Брянск, улица Калинина, 148 Б;3205;;dt, ai95, ai92;5
1;56.399040;41.337257;Владимирская область, город Ковров, улица Добролюбова, 49;351;wc, mag, pum, cls;dt, ai95, ai92;17
1;56.325468;41.280928;Владимирская область, город Ковров, улица Комсомольская, 118;352;wc, mag,  pum, cls;dt, ai95, ai92;17
2;55.967633;39.783467;Владимирская область, ФАД М-7, 141 км, слева;353;wc, mag, pum, cls;dt, ai95, ai92;17
2;55.967775;39.780513;Владимирская область, пос. Болдино, ФАД М-7, 141 км, справа ;354;wc, mag, pum, cls;dt, ai95, ai92;17
2;56.026924;40.000903;Владимирская область, город Лакинск, улица Мира, 98;355;wc, mag, pum, cls;dt, ai95, ai92;17
2;56.219133;42.192617;Владимирская область, ФАД М-7, 301 км слева;356;wc, mag, pum, cls;dt, ai95, ai92;17
2;55.935667;39.42475;Владимирская область, ФАД М-7, 117 км слева;357;wc, mag, pum, cls;dt, ai95, ai92;17
2;56.210649;40.611597;Владимирская область,  ФАД М-7, 201 км слева;358;wc, mag, pum, cls;dt, ai95, ai92;17
2;56.590128;40.554310;Владимирская область, Суздальский район, д. Вильцово, ФАД М-7,  227 км, +400 м справа;359;wc, mag, pum, cls;dt, ai95, ai92;17
2;56.102933;40.684983;Владимирская область, ФАД М-7 на север от д. Новокарповка 34-км Южного обхода слева;360;wc, mag, pum, cls;dt, ai95, ai92;17
2;56.10375;40.684883;Владимирская область, ФАД М-7 на север от д. Новокарповка 34-км Южного обхода справа;361;wc, mag, pum, cls;dt, ai95, ai92;17
2;56.132017;40.882267;Владимирская область,  Судогодский район, д. Мичурино,  ФАД М-7, 48 км слева;362;wc, mag, pum, cls;dt, ai95, ai92;17
2;56.133390;40.881522;Владимирская область, Судогодский район, д. Мичурино, ФАД М-7, 48 км справа;363;wc, mag, pum, cls;dt, ai95, ai92;17
2;55.954475;39.600891  ;Владимирская область, Петушинский район, вдоль автодороги «Москва-Н. Новгород» М-7 «Волга-1» 129 км (справа);441;wc, mag, cafe, glass, pum, cls;dt, ai95, ai92, sg;17
1;48.74828;44.835993;Волгоградская область, город Волжский, 41 микрорайон, объездная дорога;96;wc, mag, cafe, glass, pum, cls;dt,  ai95, ai92;4
2;48.827114;44.429864;Волгоградская область, Городищенский район, автодорога Москва-Волгоград, 954 км, +75 м слева;97;wc, mag, glass, pum, cls;dt, ai98, ai95, ai92;4
1;48.499947;44.565614;Волгоградская область,  город Волгоград, Красноармейский район, улица им. Якуба Коласа, 50;269;wc,  mag,  glass, pum, cls;dt, ai95, ai92;4
1;48.519879;44.501767;Волгоградская область, город Волгоград, Красноармейский район, улица Лазоревая, 127 А;270;wc, mag, pum, cls;dt, ai95, ai92;4
2;48.636992;42.872686;Волгоградская область,  Суровикинский район, автодорога Волгоград-Кишинев,  132 км ;271;wc, mag, glass, pum, cls;dt, ai98, ai95, ai92;4
1;48.752216;44.529321;Волгоградская область, город Волгоград, Краснооктябрьский район, улица Черноярская, 100 Б;272; mag, cafe, glass, pum, cls;ai98, ai95, ai92;4
1;48.753662;44.52499;Волгоградская область, город Волгоград, Дзержинский район, улица Землячки, 80 А;273;wc, cls;dt, ai95, ai92;4
1;48.764301;44.513532;Волгоградская область, город Волгоград, улица им. Землячки, 39 Б;274;wc, mag, glass, pum, cls;dt,  ai95, ai92;4
1;48.759136;44.786246;Волгоградская область,  город Волжский, проспект Ленина, 308 Д;275;wc, mag, glass, pum, cls;ai98, ai95, ai92;4
1;48.70574;44.495922;Волгоградская область, город Волгоград, улица Симбирская, 1 Б;276; mag, pum, cls;dt, ai98, ai95, ai92;4
1;48.557294;44.443245;Волгоградская область, город Волгоград, улица Лазоревая, 358;277;wc, mag, glass, pum, cls;dt, ai95, ai92;4
1;48.796247;44.764981;Волгоградская область, город Волжский, улица Пушкина, 18 Б;278;wc, mag,  glass, pum, cls;ai95, ai92;4
2;48.942248;44.231042;Волгоградская область, Городищенский район, автодорога Москва-Волгоград Каспий, 933 км, +700 м справа ;279;wc, mag, glass, pum, cls;dt, ai98, ai95, ai92;4
1;48.77986;44.519176;Волгоградская область, город Волгоград, улица Менделеева, 161;306;wc, mag, glass, pum, cls;dt, ai95, ai92;4
1;48.806067;44.608617;Волгоградская область, город Волгоград, проспект Ленина, 142;307;wc, mag, cafe, glass, pum, cls; dt, ai95, ai92;4
1;48.737656;44.504111;Волгоградская область, город Волгоград, улица Качинцев, 59/1;308;wc, mag, cafe, glass, pum, cls;dt, ai95, ai92;4
1;48.704036;44.482353;Волгоградская область, город Волгоград, улица Череповецкая, 5 А;309;wc, mag, glass, pum, cls;ai98, ai95, ai92;4
1;48.632398;44.429413;Волгоградская область, город Волгоград, улица 64-й Армии, 58;310;wc, mag, cafe, glass, pum, cls;dt, ai95, ai92;4
1;48.786478;44.567143;Волгоградская область, город Волгоград, улица Еременко, 35 Б;311;wc, mag, glass, pum, cls;dt, ai95, ai92;4
1;48.764505;44.78493;Волгоградская область, город Волжский, проспект Ленина, 308 А;312;wc, mag, glass, pum, cls;dt, ai95, ai92;4
1;48.629525;44.426709;Волгоградская область, город Волгоград, улица 64-й Армии, 147;313;wc, mag, cafe, glass, pum, cls;dt, ai95, ai92, ai98;4
1;48.521512;44.495667;Волгоградская область, город Волгоград, улица Лазоревая, 163 Г;314;wc, mag, cafe, glass, pum, cls;dt,  ai95, ai92;4
1;48.70326;44.456468;Волгоградская область, город Волгоград, улица Саши Филиппова, 106;315;wc, mag, cafe, glass, pum, cls;dt, ai95, ai92, ai98;4
1;48.68579;44.480605;Волгоградская область, город Волгоград, улица Рабоче-Крестьянская, 48 Д;316;wc, mag, cafe, glass, pum, cls;dt, ai95, ai92, ai98;4
1;48.596049;44.421614;Волгоградская область, город Волгоград, улица Колосовая, 8 Д;317;wc, mag, cafe, glass, pum, cls;dt, ai95, ai92, ai98;4
1;48.515718;44.532582;Волгоградская область, город Волгоград, проспект Героев Сталинграда, 51 А;318;wc, mag, cafe, glass, pum, cls;dt, ai95, ai92, ai98;4
1;48.706404;44.485041;Волгоградская область, город Волгоград, улица Череповецкая, 8 А;319;wc, mag, cafe, glass, pum, cls;dt, ai98, ai95, ai92;4
1;48.787632;44.572773;Волгоградская область, город Волгоград, улица Еременко, 144 Б;320;wc, mag, cafe, glass, pum, cls;dt, ai98, ai95, ai92;4
1;48.70745;44.497199;Волгоградская область, город Волгоград, улица Глубокоовражная, 25;321;wc, mag, cafe, glass, pum, cls;dt, ai98, ai95, ai92;4
2;49.095551;44.805975;Волгоградская область, Дубовский район, с. Оленье, 72 км автодороги Сызрань-Саратов-Волгоград;322;wc, mag, pum ;dt, ai95, ai92;4
2;49.32607;45.14468;Волгоградская область, Быковский район, автодорога Саратов-Энгельс-Волгоград,  684 км;329;  mag ;dt, ai95, ai92;4
2;49.53494;45.26343;Волгоградская область, Быковский район, автотрасса Самара-Энгельс-Волгоград, 641 км;330;  mag ;dt, ai95, ai92;4
1;48.748803 ;44.468243;Волгоградская область,  город  Волгоград, улица  им. Землячки,  3А.;440;wc, mag;dt, ai95, ai92, sg;4
1;48.81801;44.759089;Волгоградская область, город Волжский, улица Заволжская, 2  А;421;wc, mag, glass, pum, cls;dt, ai95, ai92, ai98;4
3;48.818853;44.608937;Волгоградская область, город Волгоград, улица Пятая, 5;3401;;dt, ai95, ai92;4
3;48.492151;44.602306;Волгоградская область, город Волгоград, улица 40 лет  ВЛКСМ, 45 Б;3402;;dt, ai95, ai92;4
3;48.758543;44.451571;Волгоградская область, город Волгоград, ш. Авиаторов, 8 Л;3403;;dt, ai95, ai92;4
3;48.753714;44.452146;Волгоградская область, город Волгоград улица Ангарская, 196;3404;;dt, ai95, ai92;4
3;48.597212;44.420919;Волгоградская область, городВолгоград, улица Колосовая, 45;3405;;dt, ai95, ai92;4
3;48.601745;44.42785;Волгоградская область, город Волгоград, улица Кирова, 101 Г;3406;;dt, ai95, ai92;4
3;48.685691;44.315541;Волгоградская область, город Волгоград, р.поселок  Горьковский, улица Волгоградская, 170 Д;3407;;dt, ai95, ai92;4
3;48.52586;44.485782;Волгоградская область, город Волгоград, улица Лазоревая, 189 Б;3408;;dt, ai95, ai92;4
3;48.746389;44.46679;Волгоградская область,  город Волгоград, улица Землячки, 12 Б;3409;;dt, ai95, ai92;4
2;49.952154;40.531328;Воронежская область, Богучарский район примерно в 550 м по направлению на север от границы г. Богучар;125;wc, mag, cafe, pum, cls, shower;dt, ai98, ai95, ai92, sg;6
2;50.046214;40.466971;Воронежская область, Богучарский район, севернее съезда на село Филоново,ФАД М-4  Дон, 725 км, +400 м вправо  ;126;wc, mag, cafe, pum, cls;dt, ai98, ai95, ai92, sg;6
2;50.047655;40.468495;Воронежская область, Богучарский район, севернее съезда на село Филоново, ФАД М-4 Дон, 725 км, +350 м влево;127;wc, mag, cafe, glass, pum, cls;dt, ai98, ai95, ai92, sg;6
2;51.981305;39.221696;Воронежская область, Рамонский район, поселок Комсомольский, ФАД  М-4 Дон,  476 км, +450 м справа;128;wc, mag, cafe, glass, pum, cls;dt, ai98, ai95, ai92, sg;6
2;51.979609;39.229935;Воронежская область, Рамонский район, поселок Комсомольский, ул. Южная, 12,  ФАД  М-4 Дон, 476 км, +450 м слева;129;wc, mag, cafe, glass, pum, cls;dt, ai98, ai95, ai92, sg;6
2;51.651389;39.039781;Воронежская область, Семилукский район, автодорога Курск-Воронеж-Борисоглебск, 212 км ;130;wc,  mag, pum, cls;dt, ai95, ai92;6
1;51.64914;39.093908;Воронежская область, город Воронеж, Проспект Патриотов,  60 А;131;wc, mag, pum, cls;dt, ai95, ai92;6
2;51.692738;39.376905;Воронежская область,  Новоусманский р-н, с. Бабяково, автодорога Воронеж-Тамбов,  15 км, + 800 м  справа;298;wc, mag,  glass, pum, cls;dt, ai98, ai95, ai92;6
2;51.426366;39.563254;Воронежская область, ФАД М-4, 550 км справа;299;wc,  mag, pum, cls;dt, ai95, ai92;6
2;51.318948;39.614501;Воронежская область, Каширский район, ФАД М-4 Дон,  562 км, +600 м слева;300;wc, mag, cafe;dt, ai98, ai95, ai92;6
2;51.218197;42.111449;Воронежская область, Поворинский район, село Рождественское ,  ул. Крупской, 1А;301;wc, mag;dt, ai95, ai92;6
2;51.611872;41.973455;Воронежская область, Грибановский район, село Алексеевка, ул. Проезжая, 1;302;wc, mag;dt, ai95, ai92;6
2;51.429736;39.300673;Воронежская область, Каширский район, автодорога Воронеж-Нововоронеж,  29 км,  + 100 м справа;303; mag;dt, ai95, ai92;6
2;50.269974;39.256528;Воронежская область, Ольховатский район, поселок Большие Базы, улица Суворова, 154;305;wc, mag;dt, ai95, ai92;6
1;46.313956;44.301734;Республика Калмыкия, город Элиста, Восточная промзона, 3 проезд;390;wc, mag, cafe;dt, ai95, ai92;22
1;46.312882;44.217276;Республика Калмыкия, город Элиста, улица В.И. Ленина, 8, стр. 5;391;mag, cafe;dt, ai95, ai92, sg;22
1;46.372067;44.265594;Республика Калмыкия, город Элиста, автодорога М-6 Каспий, 8 км, +125 м слева;392;wc, cafe, mag;dt, ai95, ai92, sg;22
1;54.54795;36.28408;Калужская область, город Калуга, улица 8 Марта, 2, корпоселок1;250; ;dt, ai95, ai92;2
1;54.58404;36.25236;Калужская область, город Калуга, улица Московская, 338;251;wc, mag, pum, cls;dt, ai95, ai92;2
1;54.559952;36.247419;Калужская область, город Калуга, улица Железняки, 40 А;253;wc, mag, cafe;dt, ai95, ai92;2
3;54.51439;36.35884;Калужская область, город Калуга,  улица Советская, 107;4001;;dt, ai95, ai92;2
3;54.5637;36.24411;Калужская область, город Калуга,  улица Гурьянова, 5;4002;;dt, ai95, ai92;2
3;54.55013;36.33714;Калужская область, город Калуга,  Грабцевское шоссе,  поворот на Кукареки;4003;;dt, ai95, ai92;2
3;54.49493;36.22795;Калужская область, город Калуга,  Правобережный проезд ;4004;;dt, ai95, ai92;2
3;54.54603;36.28279;Калужская область, город Калуга, улица Путейская, правее д. 12;4005;;dt, ai95, ai92;2
3;54.57076;36.25567;Калужская область, город Калуга, улица Московская, 328;4006;;dt, ai95, ai92;2
3;54.56519609146511;36.220028605079605;Калужская область, город Калуга, улица Гурьянова, поворот на д. Белая ;4007;;dt, ai95, ai92;2
2;46.284352;39.829511;Краснодарский край, Крыловский р-он, ст. Октябрьская, ФАД М-4 Дон, 1178 км,  + 480 м слева;145;wc, mag, pum, cls;dt, ai98, ai95, ai92;1
1;46.667543;38.289081;Краснодарский край, Ейский район, город Ейск, улица Щорса 55/2, улица Мичурина, 33;146;wc, mag, pum, cls;dt, ai95, ai92;1
2;45.220795;39.682553;Краснодарский край, Усть-Лабинский район, город Усть-Лабинск, улица Заполотняная, 2;147;pum;dt,  ai95, ai92;1
1;46.688277;38.264161;Краснодарский край, Ейский район, город Ейск, улица Армавирская, 202;148;wc, pum, cls;dt, ai95, ai92;1
2;46.346031;39.374281;Краснодарский край, Ленинградский район, ст. Ленинградская, улица Придорожная, 3;149;wc, mag, pum, cls;dt, ai95, ai92;1
2;46.654989;38.377283;Краснодарский край, Ейский район, село Александровка, автодорога Краснодар-Ейск, 228 км, + 700 м;186;wc, mag, pum, cls;dt, ai95, ai92;1
1;46.679451;38.295891;Краснодарский край, город Ейск, улица Коммунистическая, 77Д;187; pum;dt, ai95, ai92;1
1;46.684658;38.265681;Краснодарский край, город Ейск, улица Б. Хмельницкого, 232/1;188;wc, pum;dt, ai95, ai92;1
2;44.301933;38.713259;Краснодарский край, Туапсинский район, поселок Джубга, улица Новороссийское шоссе, 114/1;189;wc, mag, cafe, glass;dt, ai95, ai92;1
1;45.867632;40.102536;Краснодарский край, город Тихорецк, улица Меньшикова, 234/1;190;wc, glass, pum, cls;dt, ai95, ai92;1
2;45.984357;39.733944;Краснодарский край, Павловский район, ФАД М-4 Дон, 1215 км, + 400 м ;191;wc;dt, ai95, ai92;1
1;46.12334;39.786805;Краснодарский край, ст. Павловская, ул. Советская, 52;192;wc;dt, ai95, ai92;1
1;45.095761;39.386115;Краснодарский край, Динской район, ст. Васюринская, трасса Краснодар-Кропоткин;193;wc, mag;dt, ai95, ai92;1
2;45.174913;37.275581;Краснодарский край, Темрюкский район, х. Белый, автодорога Новороссийск - Керченский пролив, 80 км;194;wc;dt, ai95, ai92;1
2;45.195012;37.671883;Краснодарский край, Темрюкский район, поселок Красный Октябрь, автодорога Темрюк-Краснодар-Кропоткин, 26 км,  + 350 м справа;195;wc;dt, ai95, ai92;1
1;45.841298;40.14385;Краснодарский край, город Тихорецк, улица Профильная, 2 А;196;wc;dt, ai95, ai92;1
1;45.070228;38.904873;Краснодарский край, город Краснодар, Прикубанский район, улица Красных Партизан, 2/5;197;wc ;dt, ai95, ai92;1
2;45.684882;39.606228;Краснодарский край, Выселковый район, южнее ст. Березанской, ФАД М-4 Дон, 1247 км,  + 980 м справа;198;wc, mag;dt, ai95, ai92;1
2;45.454343;40.523938;Краснодарский край, город Кропоткин, улица Федеральная,  35, трасса Павловская - Махачкала 100 км   ;199;wc, mag, pum, cls, glass;dt, ai95, ai92;1
2;44.903904;37.582641;Краснодарский край, город Новороссийск, Приморский округ, ст. Натухаевская, Азово-Черноморская автодорога, 343 км;200;wc;dt, ai95, ai92;1
1;45.607058;38.98402;Краснодарский край, город Тимашевск, автодорога Краснодар-Ейск, 61 км, +500 м;201;wc, mag, cafe, pum, cls;dt, ai95, ai92, ai98;1
2;46.141857;39.852412;Краснодарский край, Павловский район, с-ца Павловская, ФАД  М-4 Дон, 1193 км, + 700 м;202;wc, mag, cafe, pum, cls, shower;dt, ai98, ai95, ai92, sg;1
2;44.857998;38.200536;Краснодарский край, Абинский район, автодорога Краснодар - Новороссийск, 88 км, + 900 м слева ;203;wc, mag, cafe, glass, pum, cls;dt, ai98, ai95, ai92, sg;1
1;45.238102;39.012408;Краснодарский край, Динской район, ст. Новотитаровская, улица Луначарского, 1 А;204;wc, mag, glass, pum, cls;dt, ai95, ai92, sg;1
2;44.655367;39.156078;Краснодарский край, город Горячий ключ, автодорога М-4 Дон, 1385 км,  + 45 м слева;205;wc, mag, cafe, glass, pum, cls, shower;dt, ai98, ai95, ai92, sg;1
1;46.050979;38.222111;Краснодарский край, город Приморско-Ахтарск, улица Фестивальная, 67;206;wc, glass, pum, cls;dt, ai98, ai95, ai92, sg;1
1;44.77166;39.908288;Краснодарский край, город Белореченск, автодорога Майкоп-Усть-Лабинск-Кореновск, 24 км, +800 м слева;207;wc, mag, cafe,;dt, ai98, ai95, ai92, sg;1
1;45.014748;39.104845;Краснодарский край, город Краснодар, Карасунский округ, поселок Пашковский, улица Крупской, 8/2;208;wc,  pum, cls;dt, ai95, ai92;1
1;45.014248;39.046617;Краснодарский край, город Краснодар, Прикубанский округ, улица Старокубанская, 98;209;wc, mag, cafe, pum, cls;dt, ai95, ai92;1
1;45.111308;39.011807;Краснодарский край, город Краснодар, Прикубанский округ, улица Российская, 367;210;wc, mag, pum, cls;dt, ai95, ai92;1
1;45.029673;39.057636;Краснодарский край, город Краснодар, Карасунский округ, улица им. Лизы Чайкиной, 6/1;211; ;dt, ai95, ai92;1
1;45.011991;39.068579;Краснодарский край, город Краснодар, Карасунский округ, улица им. Мачуги В.Н.,  2/6;212; pum, cls;dt, ai95, ai92;1
1;45.090959;39.013857;Краснодарский край, город Краснодар, Прикубанский округ, улица Российская, 85/1;213;wc, glass, pum, cls;dt, ai98, ai95, ai92;1
1;45.080453;38.975158;Краснодарский край, город Краснодар, Прикубанский округ, улица Дзержинского, 64;214;wc,  pum, cls;dt, ai98, ai95, ai92;1
2;44.845129;38.548837;Краснодарский край, Северский район, поселок Ильский, автодорога Краснодар – Новороссийск, 58 км, +220 м;215;wc, pum, cls;dt, ai95, ai92;1
2;45.669848;40.327345;Краснодарский край, Тихорецкий район, ст. Архангельская, автодорога Павловская-Махачкала, 62 км, + 100 м слева;216;wc, mag, cafe, glass, pum, cls, shower;dt, ai98, ai95, ai92, sg;1
2;45.754789;39.9245095;Краснодарский край, Выселковкий район, п. Газырь, автодорога Журавская – Тихорецк, 42 км, +950 м справа ;217;wc, mag, glass, pum, cls;dt, ai95, ai92;1
1;46.122333;38.987453;Краснодарский край, Каневской район, ст. Стародеревянковская, центральный эллиптический островок кольцевого пересечения а/д Краснодар – Ейск, 125 км, + 800 м;218;wc, mag, cafe, glass, pum, cls;dt, ai98, ai95, ai92, sg;1
2;44.860619;38.495267;Краснодарский край, Северский район, п. Черноморский,  ФАД Краснодар – Новороссийск, 62 км, +700 м справа;219;wc, cafe, mag, pum, cls, shower;dt, ai98, ai95, ai92, sg;1
1;45.634709;38.927237;Краснодарский край, г. Тимашевск, ул. Выборная, 5, автодорога северный объезд города Тимашевска, 0 км,  + 600 м справа;220; mag, glass, pum, cls;dt, ai95, ai92;1
1;45.150543;39.058585;Краснодарский край, город Краснодар, Прикубанский округ, ул. Почтовое отделение,  32;221;wc, glass, pum, cls;dt, ai98, ai95, ai92;1
1;45.127396;39.013621;Краснодарский край, город Краснодар, Прикубанский округ, Ростовское шоссе, 56;222;wc, glass, pum, cls;dt, ai98, ai95, ai92;1
1;46.065504;40.881211;Краснодарский край, Белоглинский район, село Белая Глина, улица Южная;223;wc, mag, glass, pum, cls;dt, ai95, ai92;1
2;45.530283;39.453621;Краснодарский край, Кореновский район, х. Малеванный,  ФАД  М-4 Дон,  1271 км,  + 500 м справа;224;wc, mag, cafe, glass, pum, cls;dt, ai98, ai95, ai92, sg;1
2;44.843799;38.652390;Краснодарский край, Северский район, ст. Северская, ФАД Краснодар – Новороссийск, 49 км, +400 м слева;225;wc, mag, cafe, glass, pum, cls;dt, ai98, ai95, ai92, sg;1
1;45.161209;38.99833;Краснодарский край, город Краснодар, пос. Березовый,  Ейское шоссе, 65;341;wc, mag, pum, cls;dt, ai98, ai95, ai92;1
2;43.758589;39.520573;Краснодарский край, город Сочи, Лазаревский район, поселок Якорная Щель, улица Главная, 2/2;342;wc, mag, pum, cls;dt,  ai95, ai92, sg;1
2;44.962761;41.065743;Краснодарский край, город Армавир, ФАД М-29  Кавказ,  161 км, +750 м слева;343;wc, mag ;dt, ai98, ai95, ai92;1
1;45.108475;41.00684;Краснодарский край, Новокубанский район, город Новокубанск, ФАД Кавказ, 4 км, + 500 м;418; mag ;dt, ai95, ai92;1
2;44.931471;37.344621;Краснодарский край, Анапский район, х. Чембурка, улица Шоссейная, 41 А;431;wc, mag, cafe, glass, pum, cls, shower;dt, ai98, ai95, ai92, sg;1
2;44.926469;37.330586; Краснодарский край, Анапский район,  х. Чембурка, улица Кольцевая, 19;432;wc, mag, cafe, glass, pum, cls, shower;dt, ai98, ai95, ai92 ;1
1;51.694016;36.155483;Курская область, город Курск, улица Энгельса, 171 Е;113;glass, pum, cls;dt, ai95, ai92;9
1;51.74059;36.258915;Курская область, город Курск, улица Республиканская, 53 А;114;wc, mag,  glass, pum, cls ;dt, ai95, ai92, ai98;9
2;51.7423;36.1008;Курская область, город Курск, улица Гремяченская, 8 А, ФАД М-2  Крым, 524 км, +200 м  слева;115;wc, mag,  glass, pum, cls;dt, ai95, ai92;9
1;51.746312;36.22327;Курская область, город Курск, улица ВЧК, 182 Б;116;wc, mag,  glass, pum, cls;dt, ai95, ai92;9
1;51.714299;36.186305;Курская область, город Курск, улица Литовская, 2/1 А;117;wc, mag,  glass, pum, cls ;dt, ai95, ai92, ai98;9
1;51.657756;36.135775;Курская область, город Курск, пр-т Кулакова, 148 В;118;wc, mag, cafe, glass, pum, cls;dt, ai95, ai92, ai98;9
1;51.712925;36.13536;Курская область, город Курск, улица Сумская, 51 А;119;wc, mag,  glass, pum, cls;dt, ai95, ai92;9
2;51.315631;36.183897;Курская область, Обояньский район, хутор Дрозды, улица Центральная, 56 ;120;wc, mag,  glass, pum, cls;dt, ai95, ai92, ai98;9
1;51.725156;36.140930;Курская область, город Курск, улица Бойцов 9-й Дивизии, 190;121;wc, mag, cafe,  glass, pum, cls;dt, ai95, ai92;9
1;51.730655;36.223624;Курская область, город Курск, улица 2-я Новоселовка, 2 Г;122;wc, mag,  glass, pum, cls;dt, ai95, ai92, ai98;9
1;51.722744;36.134695;Курская область, город Курск, улица Бойцов 9-й Дивизии, 201;123;wc, mag,  glass, pum, cls ;dt, ai95, ai92, ai98;9
2;52.106214;35.843584;Курская область, Фатежский район, с/с Русановский;124;wc, mag,  glass, pum, cls;dt, ai95, ai92;9
1;51.656481;35.638196;Курская область, город Курчатов, улица Ленинградская, 10;141;wc, mag, cafe, glass, pum, cls;dt, ai95, ai92, ai98;9
1;51.757073;36.131872;Курская область, город Курск, улица 50 лет Октября, 126 Б;142;wc, mag, cafe, glass, pum, cls;dt, ai95, ai92 ;9
3;51.727128;36.140822;Курская область, город Курск, улица Бойцов 9-й дивизии;4601;;dt, ai95, ai92;9
3;51.668294;36.076171;Курская область, город Курск, пр-т Ленинского комсомола;4602;;dt, ai95, ai92;9
3;51.649613;36.12872;Курская область, город Курск, улица Магистральная, 15 А;4603;;dt, ai95, ai92;9
3;51.793258;36.168038;Курская область, город Курск, улица К. Маркса, 101 Б;4604;;dt, ai95, ai92;9
3;51.741204;36.267395;Курская область, город Курск, улица Республиканская-Халинская, Халинская, 1 А;4605;;dt, ai95, ai92;9
2;52.224507;39.106247;Липецкая область, Хлевенский район, поселение Елец-Маланинский с/с,  М-4,  446 км справа;101;wc, mag, cafe, pum, cls;dt, ai95, ai92, sg;18
2;52.224609;39.106317;Липецкая область, Хлевенский район, поселение Елец-Маланинский с/с, М-4, 446 км слева;102;wc, mag, cafe, pum, cls;dt, ai95, ai92, sg;18
1;52.572461;39.601729;Липецкая область, город Липецк, улица Металлургов, 8;135;wc, mag, pum, cls;dt, ai95, ai92;18
2;52.194972;39.093431;Липецкая область, Хлевенский район,  сельское поселение Хлевненский с/с,  село Хлевное, улица Свободы;136;wc, mag, pum, cls;dt, ai95, ai92;18
1;52.585121;39.456954;Липецкая область, город Липецк, улица Юношеская;137;wc, mag, pum, cls;dt, ai95, ai92;18
2;52.752856;39.6894;Липецкая область, Липецкий район, автодорога Липецк-Чаплыгин, поворот на село Большая Кузьминка;138;wc, mag, pum, cls;dt, ai95, ai92;18
1;52.646053;39.673089;Липецкая область, город Липецк, трасса Тамбов-Орел, 301 км;381; mag ;dt, ai98, ai95, ai92;18
1;52.578832;39.532641;Липецкая область, город Липецк, улица Катукова;382;mag;dt, ai95, ai92;18
2;52.859419;39.746845;Липецкая область, Добровский район, пересечение а/д Липецк-Чаплыгин и Доброе-Лебедянь;383;wc , mag;dt, ai95, ai92;18
1;52.566464;39.507471;Липецкая область, город Липецк, Советский район, ш. Воронежское,  12;384;mag;dt, ai98, ai95, ai92;18
1;52.565806;39.593779;Липецкая область, город Липецк,  Площадь Металлургов, 2, район коксохимического производства;385;mag;dt, ai98, ai95, ai92;18
2;52.785867;39.735051;Липецкая область, Добровский район,  сельское поселение Панинский сельсовет, с. Малый Хомутец, ул. Ленина, 2/1;386; mag;dt, ai95, ai92;18
2;52.696678;39.780987;Липецкая область, Добровский район, село Капитанщино, сельское поселение, Кореневщинский сельсовет;387; mag ;dt, ai95, ai92;18
2;53.02334;39.174551;Липецкая область, город Лебедянь , ул. Шоссейный проезд;429; ;dt, ai95, ai92;18
3;52.655145;39.597584;Липецкая область,  город Липецк, улица Ковалёва, строение 109 И;4801;;dt, ai95, ai92;18
3;52.577042;39.654543;Липецкая область,  город Липецк,  ул. Ферросплавная, строение 38 А;4802;;dt, ai95, ai92;18
3;52.582234;39.486529;Липецкая область, город Липецк, улица Ангарская, стр. 2 А;4803;;dt, ai95, ai92;18
1;55.366039;42.164129;Нижегородская область, Выксунский район, Проммикрорайон 9, здание 6;326;mag, wc;dt, ai95, ai92;23
2;55.2917;46.2026;Нижегородская область, Сеченовский район, село Мурзицы, улица Новая,  8;327;;dt, ai95, ai92;23
2;56.908917;45.029533;Нижегородская область, Семеновский район, д. Боковая,  трасса Р-159, 117 км;337;;dt, ai95, ai92;23
2;55.822233;44.979133;Нижегородская область, Княгининский район, город Княгинино, 41-й км а/д Работки-Порецкое;340;mag;dt, ai95, ai92;23
2;55.995417;44.648933;Нижегородская область, Кстовский район, ФАД М-7 Волга,  474 км;393;mag;dt, ai95, ai92;23
1;55.3217;42.107617;Нижегородская область, город Выкса, улица Челюскина, уч. 81;422;mag, wc;dt, ai95, ai92;23
2;55.047967;43.281183;Нижегородская область, Дивеевский район, 100 м на юго-запад от развилки а/д Выездное-Дивеево-Сатис и Объездная село Дивеево;423;mag;dt,  ai95, ai92;23
2;53.068751;36.240848;Орловская область, Орловский район, д. Ивановское, автодорога Москва-Харьков, 349 км, +500 м ;112;wc, mag, glass, pum, cls;dt, ai95, ai92;10
1;52.98036;36.051213;Орловская область, город Орел, Наугорское шоссе, 8;235;wc, mag, glass, pum, cls;dt, ai98, ai95, ai92;10
1;52.976112;36.096478;Орловская область, город Орел, переулок Заводской, 2;236;wc, mag, glass, pum, cls;dt, ai98, ai95, ai92;10
1;53.000214;36.08664;Орловская область, город Орел, улица Раздольная, 6;237;wc, mag, glass, pum, cls;dt, ai95, ai92;10
1;52.936391;36.059494;Орловская область, город Орел, переулок Маслозаводской, 27;238;wc, mag, glass, pum, cls;dt, ai95, ai92;10
1;52.969903;36.124416;Орловская область, город Орел, переулок Южный, 2;239;wc, mag, glass, pum, cls;dt, ai95, ai92;10
1;52.996339;36.028897;Орловская область, город Орел, Наугорское шоссе, 108;240;wc, mag, glass, pum, cls;dt, ai95, ai92;10
1;52.926371;36.078232;Орловская область, город Орел, улица Поселковая, 21;241;wc, mag, glass, pum, cls;dt, ai95, ai92;10
1;53.450284;35.987806;Орловская область, город Болхов, улица Свердлова, 221;242; ;dt, ai95, ai92;10
2;52.922023;36.147367;Орловская область, Большекуликовское с/п, д. Грачевка, улица Тамбовская, 10;243;wc, mag, glass, pum, cls;dt, ai95, ai92;10
1;52.947268;36.022332;Орловская область, город Орел, Карачаевское шоссе, 92;244;wc, mag, glass, pum, cls;dt, ai95, ai92 ;10
1;53.257964;36.526322;Орловская область, Мценский район, город Мценск, улица Автомагистраль;245; mag, pum, cls;dt, ai95, ai92;10
1;53.010498;36.138741;Орловская область, город Орел, улица Маринченко, 9 Д;246; mag, pum, cls;dt, ai95, ai92;10
1;52.960658;36.140529;Орловская область, город Орел, Новосильское шоссе, 18 А;247; mag ;dt, ai95, ai92;10
1;52.999988;36.13725;Орловская область, город Орел, Московское шоссе, 117 А;248;wc, mag, glass, pum, cls;dt, ai95, ai92 ;10
2;53.29658;36.665574;Орловская область, Мценский район, а/д Москва-Харьков, 312 км справа;249;wc, mag, glass, pum, cls, cafe;dt, ai98, ai95, ai92;10
2;44.867268;39.188505;Республика Адыгея, город Адыгейск, ФАД М-4,  1357 км, +560 м справа;61;wc, mag, glass, pum, cls;dt, , ai98, ai95, ai92;25
1;44.624434;40.052655;Республика Адыгея, город Майкоп, улица Димитрова, 37;143;wc, mag ;dt, ai95, ai92;25
1;44.608669;40.054704;Республика Адыгея, город Майкоп, улица 12 марта, 181;144;wc, mag, glass, pum ;dt, ai95, ai92;25
2;44.493258;40.165936;Республика Адыгея, Майкопский район, пгт.Тульский, ФАД  Майкоп-Гузерипль, 17 км, +500 м;417;wc, mag;dt, ai95, ai92;25
2;44.894885;39.179282;Республика Адыгея, город Адыгейск, автодорога Энем-Адыгейск-Бжедугхабль, 30 км, +730 м справа;424; cls;dt, ai95, ai92;25
1;43.043325;44.69254;Республика Северная Осетия - Алания, город Владикавказ, улица Ватутина, 101 А;254;mag, glass, pum, cls;dt, ai98, ai95, ai92, sg;12
1;43.052742;44.691861;Республика Северная Осетия - Алания, город Владикавказ, Черменское Шоссе, 4;255;wc, mag, glass, pum, cls;dt, ai98, ai95, ai92, sg;12
2;43.128622;44.598121;Республика Северная Осетия - Алания, Пригородный район, поселок Алханчурт, трасса Владикавказ-Беслан, 8 км;256;wc, mag, glass, pum, cls;dt,  ai95, ai92, sg;12
2;43.143182;44.590741;Республика Северная Осетия - Алания, Пригородный район, поселок Алханчурт, трасса Беслан - Владикавказ, 9-й км.;257;wc, mag, glass, pum, cls;dt, ai98, ai95, ai92, sg;12
1;43.04085;44.700985;Республика Северная Осетия - Алания, город Владикавказ, Карцинское шоссе, 10;258; mag, glass, pum, cls;dt, ai95, ai92, sg;12
2;43.022828;44.227503;Республика Северная Осетия - Алания, Алагирский район, город Алагир, улица Ч. Басиевой, 2 ;259;wc, mag, glass, pum, cls;dt, ai98, ai95, ai92, sg;12
2;43.317188;44.230109;Республика Северная Осетия - Алания, Кировский район, село Эльхотово, ФАД Ростов-Баку, 512 км;260;wc, mag, glass, pum, cls;dt, ai95, ai92, ai98, sg;12
2;43.111969;44.524674;Республика Северная Осетия - Алания, Пригородный район, ст. Архонская, Архонское шоссе, 15-й километр;261;wc, mag, glass, pum, cls;dt, ai95, ai92, sg;12
2;43.173248;44.274622;Республика Северная Осетия - Алания, Ардонский район, город Ардон, трасса Ардон-Алагир, 1 км;262;wc, mag, glass, pum, cls;dt, ai95, ai92, ai98, sg;12
1;43.027597;44.708045;Республика Северная Осетия - Алания, город Владикавказ, улица Шмулевича/Магкаева, 45/1 Б;263;mag, glass, pum, cls;dt, ai95, ai92,  sg;12
2;43.026493;44.574808;Республика Северная Осетия - Алания, Пригородный район, с. Гизель,  автодорога  Владикавказ-Алагир, 5-й км;264;wc, mag, glass, pum, cls;dt, ai95, ai92, ai98, sg;12
2;43.078229;44.599873;Республика Северная Осетия - Алания, Пригородный район, ст. Архонская, Архонское шоссе, 15 км;265;wc, mag, glass, pum, cls;dt, ai98, ai95, ai92, sg;12
1;43.058058;44.656589;Республика Северная Осетия - Алания, город Владикавказ, улица Московская, 1;266;mag, glass, pum, cls;dt, ai98, ai95, ai92,  sg;12
1;43.001361;44.681758;Республика Северная Осетия - Алания, город Владикавказ, улица Красногвардейская, 2;267;wc, mag, glass, pum, cls;dt, ai98, ai95, ai92,  sg;12
2;43.751448;44.626364;Республика Северная Осетия - Алания, Моздокский район, ст. Луковская, улица Усанова, 22;268;mag, glass, pum, cls;dt, ai98, ai95, ai92, sg;12
1;47.215285;38.879419;Ростовская область, город Таганрог, Поляковское шоссе, 11;98;wc, mag, glass, pum, cls;dt, ai95, ai92;3
2;47.50721;40.855467;Ростовская область, автодорога Семикаракорск-Волгодонск, 97 км справа;99;wc, mag, cafe, pum, cls;dt,  ai95, ai92, sg;3
2;47.510417;40.858417;Ростовская область, а/д Семикаракорск-Волгодонск 97 км, слева;100;wc, mag, cafe, pum, cls;dt, ai95, ai92, sg;3
1;47.257793;39.633586;Ростовская область, город Ростов-на-Дону, улица Таганрогская, 134 А;134;wc, mag, glass, pum, cls;dt, ai95, ai92;3
1;47.158194;39.74437;Ростовская область, город Батайск, Северное ш., 1;150;wc, mag, pum, cls;dt, ai95, ai92;3
1;47.288109;38.844741;Ростовская область,  Неклиновский район, село Николаевка, улица Ленина, 309 Д;151;pum;dt, ai95, ai92;3
1;47.828841    ;39.917964;Ростовская область, город Новошахтинск, улица Налбандяна, 2 Е;152;pum, cls;dt, ai95, ai92;3
1;46.476822;41.562792;Ростовская область, город Сальск, улица Новостройка, 4;153;;dt, ai95, ai92;3
1;46.48178;41.565807;Ростовская область, город Сальск, улица Новостройка,  6;154;;dt, ai95, ai92;3
1;46.463612;41.527052;Ростовская область, город Сальск, улица Тихорецкая, 1-1А;155;;dt, ai95, ai92;3
2;46.499544;41.522065;Ростовская область, Сальский район, автодорога Песчанокопское - Котельниково, 53 км;156;pum, cls;dt, ai95, ai92;3
2;46.518381;41.332294;Ростовская область, Сальский район,  автодорога Егорлыкская - Сальск, 54 км;157;wc, mag, pum, cls;dt, ai95, ai92;3
1;46.469857;41.514153;Ростовская область, город Сальск, улица Свободы, 304;158;wc, mag, pum, cls;dt, ai95, ai92;3
2;48.178611;40.265317;Ростовская область, Красносулинский район, ФАД М-4 Дон, 945 км;159;wc, mag, cafe, glass, pum, cls;dt, ai98, ai95, ai92, sg;3
1;47.681191;40.20489;Ростовская область, п. Каменоломни, ул. Шоссейная, 1Д;160;wc, pum, cls;dt, ai95, ai92;3
2;46.755244;40.456236;Ростовская область, Зерноградский район, а/д Ростов-на-Дону – Ставрополь, 66 км, +100 м справа ;161;wc, mag, cafe, glass, pum, cls;dt, ai98, ai95, ai92, sg;3
2;46.552836;40.646313;Ростовская область,  ст. Егорлыкская, улица Белозерцева, 126 А;162;wc, mag, cafe, glass, pum, cls;dt, ai98, ai95, ai92, sg;3
2;46.198889;41.125946;Ростовская область, с. Песчанокопское, автодорога Ростов-Ставрополь,  154 км слева;163;wc, mag, cafe, glass, pum, cls;dt, ai98, ai95, ai92, sg;3
1;47.694249;40.205385;Ростовская область, город Шахты, улица Победы революции, 174  Г;164;wc, mag, glass, pum, cls;ai95, ai92;3
1;47.258623;39.850556;Ростовская область, Аксайский район, город Аксай, улица Гагарина/ улица Западная, 1 А - 4;165;wc, mag, cafe, glass, pum, cls;dt, ai95, ai92;3
2;49.179627;40.612228;Ростовская область, Миллеровский район,  х. Грай-Воронец, ФАД М-4  Дон,  825 км, +400 м справа ;166;wc, mag, cafe, glass, pum, cls;dt, ai98, ai95, ai92, sg;3
2;49.178968;40.612957;Ростовская область, Миллеровский район,  х. Грай-Воронец, ФАД М-4 Дон, 825 км, +400 м слева;167;wc, mag, cafe, glass, pum, cls;dt, ai98, ai95, ai92, sg;3
1;48.043503;39.92717;Ростовская область, город Гуково, улица Магистральная, 28 ;168;wc,  glass, pum, cls, mag;dt, ai95, ai92;3
1;47.237163;39.590296;Ростовская область, город Ростов-на-Дону, улица Доватора, 154 В;169; glass, pum ;dt, ai95, ai92;3
1;47.776058;39.926437;Ростовская область, город  Новошахтинск, улица Харьковская, 32;170;wc, mag, cafe, glass, pum ;dt, ai95, ai92;3
1;47.239176;39.749805;Ростовская область, город Ростов-на-Дону, проспект Шолохова, 11 В;171;wc, pum, cls;dt, ai98, ai95, ai92;3
2;47.760351;40.149053;Ростовская область, Красносулинский район, п.  Аюта, ФАД М-4 Дон, 994 км;172;wc, mag,  glass, pum, cls;dt, ai95, ai92, sg;3
1;47.70939;40.151033;Ростовская область, город Шахты, улица Дачная, 264 А;173;pum;dt, ai95, ai92, sg;3
2;46.87222;39.70315;Ростовская область, Азовский район, п. Самарское, ФАД М-4 Дон, 1109 км, +200 м;174;wc, mag, cafe, glass, pum, cls;dt, ai95, ai92, sg;3
1;47.5344;42.135197;Ростовская область, город Волгодонск, улица Бетонная, 1-я, 3;175;pum;dt, ai95, ai92, sg;3
1;47.527583;42.203642;Ростовская область, город Волгодонск, улица Курчатова, 36 А;176;pum;dt, ai95, ai92, sg;3
1;47.50678;42.1741;Ростовская область, город Волгодонск, улица Морская, 130;177;pum;dt, ai95, ai92;3
1;47.46823;40.10092;Ростовская область, город Новочеркасск, улица Харьковское шоссе, 8 В;178;wc, pum, cls;dt, ai95, ai92, sg;3
1;47.421613;40.042806;Ростовская область, город Новочеркасск, проспект Баклановский, 188 А;179;wc, pum, cls;dt, ai95, ai92;3
2;47.136809;39.679127;Ростовская область, ФАД М4 Дон, ПК-1 объездной автодороги  Ростов-на-Дону - Азов правая сторона;180;wc, mag, cafe, glass, pum, cls;dt, ai95, ai92;3
2;47.136352;39.679854;Ростовская область, ФАД М4 Дон, ПК-1 объездной автодороги  Ростов-на-Дону - Азов  левая сторона;181;wc, mag, cafe, glass, pum, cls;dt, ai95, ai92;3
1;47.087186;39.428338;Ростовская область, город Азов, улица Победы, 16;182;mag, pum, cls;dt, ai98, ai95, ai92;3
1;47.533218;42.045701;Ростовская область, Волгодонский район, ст. Романовская, улица Тюхова, 135 ;183;pum;dt, ai95, ai92;3
1;47.507758;42.174003;Ростовская область, город Волгодонск, улица Морская, 53;184;wc, glass, pum, cls;dt, ai95, ai92;3
1;47.255616;39.794094;Ростовская область, город Ростов-на-Дону, улица Российская, 48 И;185;wc, mag, pum, cls, glass;dt, ai95, ai92;3
1;47.735644;40.303527;Ростовская область, город Шахты, проспект Ленинского комсомола, 1 Г;226;wc,  pum;dt, ai95, ai92, sg;3
1;48.33093;39.95111;Ростовская область, город Донецк, улица Королева, 3;227;wc,  pum;dt, ai95, ai92, sg;3
1;47.112692;39.752494;Ростовская область, город Батайск, улица Промышленная, 4 Б;228;wc,  mag, pum, cls;dt, ai95, ai92;3
1;47.277229;38.936896;Ростовская область, город Таганрог, улица Маршала Жукова, 4/1;229;wc, mag, pum, cls;dt, ai95, ai92, sg;3
2;47.6495;40.023986;Ростовская область, Октябрьский район, автодорога М-4 Дон, 1010 км  справа;230;wc, mag, cafe, glass, pum, cls;dt, ai98, ai95, ai92, sg;3
2;46.81545;39.67032;Ростовская область, х. Степнянский, улица Гагарина, 1 А,  ФАД М-4  Дон, 1116 км;231;wc, mag, cafe, glass, pum, cls;dt, ai98, ai95, ai92, sg;3
2;46.8156;39.67191;Ростовская область, х. Степнянский, улица Гагарина, 1 Б,  ФАД М-4  Дон, 1116 км;232;wc, mag, cafe, glass, pum, cls;dt, ai98, ai95, ai92, sg;3
1;47.894899;40.063223;Ростовская область, город Красный Сулин, улица Октябрьская, 2;233;wc, mag, glass, pum, cls;dt, ai95, ai92;3
1;47.870536;40.028199;Ростовская область, город Красный Сулин, улица Сулинская;234;;dt, ai95, ai92;3
2;48.204864;40.270444;Ростовская область,  Каменский район, х. Верхнеговейный, улица Придорожная, 18;350;wc, mag, pum, cls;dt, ai95, ai92;3
1;47.256523;38.902821;Ростовская область, город Таганрог, улица Москатова, 20;394;;dt, ai95, ai92;3
2;47.392468;38.919097;Ростовская область, село Покровское, улица О. Кошевого;395;wc;dt, ai95, ai92;3
1;47.229529;38.872601;"Ростовская область, город Таганрог, улица 2-я Советская, 76 А
";430;;dt, ai95, ai92;3
3;48.037994;39.89243;Ростовская область, город  Гуково, улица Бетонная, 20 В;6101;;dt, ai95, ai92;3
3;48.043374;39.924552;Ростовская область, город Гуково, улица Магистральная, 24  Г;6102;;dt, ai95, ai92;3
3;47.698874;40.238253;Ростовская область, город  Шахты, улица Шоссейная, 212;6103;;dt, ai95, ai92;3
3;47.685485;40.269012;Ростовская область, город  Шахты, улица Хабарова, 25 И;6104;;dt, ai95, ai92;3
3;47.143686;39.704032;Ростовская область, город  Батайск, улица Фермерская, 3 В;6105;;dt, ai95, ai92;3
3;47.101739;39.760273;Ростовская область, город  Батайск, улица Промышленная, 21 А;6106;;dt, ai95, ai92;3
3;47.542269;42.127766;Ростовская область, город Волгодонск, Романовское шоссе, 2 В;6107;;dt, ai95, ai92;3
3;47.535914;42.133641;Ростовская область, город  Волгодонск,  улица Бетонная, 4А;6108;;dt, ai95, ai92;3
3;47.320539;39.743701;Ростовская область,  город Ростов-на-Дону,  улица 1-я Героическая, 2 А ;6109;;dt, ai95, ai92;3
3;47.31294;39.78696;Ростовская область, город Ростов-на-Дону, переулок Алябьева, 2/1;6110;;dt, ai95, ai92;3
3;47.456816;40.086521;Ростовская область, город Новочеркасск, улица Трамвайная, 65А;6111;;dt, ai95, ai92;3
3;47.198521;39.62493;Ростовская область, город Ростов-на-Дону, улица Каширская, 8 Д;6112;;dt, ai95, ai92;3
3;47.18213;39.95867;Ростовская область, ст. Ольгинская,  улица Ленина, 196 Б;6113;;dt, ai95, ai92;3
1;53.171621;48.564712;Самарская область город Сызрань улица Магистральная, 64;376;mag;dt, ai95, ai92;20
1;53.495807;49.531569;Самарская область, город Тольятти, ФАД М-5, 975-976 км ;400;mag;dt, ai95, ai92;20
1;53.541511;49.515276;Самарская область, село Васильевка, улица Шоссейная, 28 Б;401;mag;dt, ai95, ai92;20
2;53.496053;50.072191;Самарская область, Волжский район, с. Курумоч, автодорога Москва-Самара, 1013 км;402;mag;dt, ai95, ai92;20
1;53.55896; 49.356913;Самарская область, город Тольятти Обводное шоссе, 21;403;mag;dt, ai95, ai92;20
1;53.560096;49.305208;Самарская область, город Тольятти, Автозаводский район, северо-восточнее и западнее здания, улица Коммунальная,  38 Б;404;mag;dt, ai95, ai92;20
1;53.498372;49.402901;Самарская область, город Тольятти, Центральный район, улица Баныкина, 7, стр. 1;405;mag;dt, ai95, ai92;20
1;52.914007;49.697985;Самарская область, автодорога Самара - Саратов, 52 км справа;406;mag;dt, ai95, ai92;20
1;53.539100;49.278077;Самарская область, город Тольятти, Автозаводский район, юго-восточнее улица Воскресенская, 34;407;mag;dt, ai95, ai92;20
2;53.62926;50.70921;Самарская область, Красноярский район, автодорога Москва-Уфа-Челябинск, развилка на Моршанку, 1068 км ;425;mag;dt, ai95, ai92;20
2;53.458551;50.218755;Самарская область, Красноярский район, автодорога Москва-Уфа-Челябинск, 1023 км, +208 м;426;mag;dt, ai95, ai92;20
2;53.612616;50.666229;Самарская область, Красноярский район, автодорога Москва-Уфа-Челябинск, 1064 км, +390 м;427;mag;dt, ai95, ai92;20
2;54.479949;32.319160;Смоленская область, Починковский район, д. Мурыгино, автодороги А-141 Орел-Брянск-Смоленск, 331 км справа;408;wc, mag ;dt, ai95, ai92;19
2;54.479218;32.31994;Смоленская область, Починковский район, д. Мурыгино, автодорога А-141 Орел-Брянск-Смоленск, 331 км слева;409;wc, mag ;dt, ai92, ai95;19
1;54.77194;32.102575;Смоленская область, город Смоленск, улица Индустриальная, 2;410;wc, mag;dt, ai95, ai92;19
2;54.945474;31.069555;Смоленская область, Руднянский район, город Рудня, улица Киреева, 6-й км объездной дороги;412;wc, mag ;dt, ai95, ai92;19
2;53.822311;32.438946;Смоленская область, Шумячский район,  автодорога Москва–Малоярославец–Рославль, 420 км;413;wc, mag;dt, ai95, ai92;19
2;54.111657;33.283762;Смоленская область, Рославльский район, село Екимовичи, улица Большая Советская, автодорога А-101,  355 км;414;wc, mag;dt, ai95, ai92;19
2;44.140317;43.125283;Ставропольский край, Минераловодский район, автодорога Кавказ, 357 км, +450 м;1;wc, mag, cafe,  pum, cls;dt, ai95, ai92, sg;13
2;43.984853;43.131475;Ставропольский край, Предгорный район, 379 км автодороги  Краснодар-Баку  слева;2;wc, mag,  pum, cls;dt, ai95, ai92, sg;13
2;44.0732;42.977833;Ставропольский край, Предгорный район, село Вин-Сады, Черкесское шоссе, 2 км;3;wc, mag,  pum, cls;dt, ai95, ai92, sg;13
2;44.12475;43.440167;Ставропольский край, Георгиевский район, станица Незлобная,  улица Ленина, 388;4;wc, mag,  pum, cls;dt, ai95, ai92, sg;13
2;44.2091;43.436;Ставропольский край, Георгиевский район, станица Подгорная, переулок Шоссейный, 2 Б;5;wc, mag,  pum, cls;dt, ai95, ai92, sg;13
2;44.082583;43.102733;Ставропольский край, город Железноводск, поселок Иноземцево,  улица Колхозная, 118;6;wc, mag,  pum, cls;dt, ai95, ai92, sg;13
2;44.176077;43.130868;Ставропольский край,  город Минеральные Воды, улица Советская, 19 А;7;wc, mag,  pum, cls;dt, ai95, ai92, sg;13
2;44.103583;42.93525;Ставропольский край, город Лермонтов, 1-ая Западная Промзона, улица Промышленная;8;wc, mag,  pum, cls;dt, ai95, ai92, sg;13
2;44.271867;43.0059;Ставропольский край, Минераловодский район, 337 км, +700 м  слева автомагистрали Кавказ;9;wc, mag, cafe,  pum, cls;dt, ai95, ai92, sg;13
2;44.227133;43.1185;Ставропольский край, Минераловодский район, поселок Первомайский, улица Московская, 18 Б  ;10;wc, mag, cafe, pum, cls;dt, ai95, ai92, sg;13
2;43.992046;43.033416;Ставропольский край, Предгорный район, с. Юца, улица Комсомольская, 2 А ;11;wc, mag, cafe, pum, cls;dt, ai95, ai92, sg;13
2;44.071317;42.8659;Ставропольский край,  Предгорный район, поселок Санамер, участок Гослесфонда Новоблагодарненского МО   ;12;wc, mag, cafe,  pum, cls;dt, ai95, ai92, sg;13
2;44.167317;43.495533;Ставропольский край, Георгиевский район, c. Краснокумское, улица Кирова;13;wc, mag,  pum, cls;dt, ai95, ai92, sg;13
2;44.00785;43.075983;Ставропольский край, город Пятигорск, поселок Горячеводский, улица Захарова, 14;14;wc, mag,  pum, cls;dt, ai95, ai92, sg;13
2;44.060199;43.046237;Ставропольский край, город Пятигорск, шоссе Бештаугорское, 49;15;wc, mag, glass, pum, cls;dt, ai95, ai92, sg;13
2;44.045433;43.01875;Ставропольский край, город Пятигорск, улица Ермолова, 14;16;wc, mag, cafe, pum, cls;dt, ai95, ai92, sg;13
2;44.235933;43.03225;Ставропольский край, село Побегайловка, улица Молодежная, 1750  м на восток от жилого дома 1;17;wc, mag,  pum, cls;dt, ai95, ai92, sg;13
2;44.02685;43.110667;Ставропольский край, город Пятигорск, поселок Горячеводский,  улица Георгиевская;18;wc, mag, pum, cls;dt, ai95, ai92;13
2;44.1881;43.143133;Ставропольский край, город Минеральные Воды, улица Островского, 121;19;wc, mag, pum, cls;dt, ai95, ai92, sg;13
2;43.96445;42.774383;Ставропольский край, Предгорный район, поселок Подкумок, улица Ессентукская, б/н;20;wc, mag, cafe,  pum, cls;dt, ai95, ai92, sg;13
2;44.165983;43.453803;Ставропольский край, город Георгиевск, Октябрьская, 145/2;21;wc, mag, cafe,  pum, cls;dt, ai95, ai92, sg;13
1;45.047769;41.911232;Ставропольский край, город Ставрополь, проспект Кулакова, 6 Б;22;wc, mag, pum, cls;dt, ai95, ai92;13
1;44.998948;41.925716;Ставропольский край, город Ставрополь, улица Доваторцев, 64 Б , квартал 437;23;wc, mag;dt, ai95, ai92;13
1;45.011017;41.913228;Ставропольский край, город Ставрополь, улица Пирогова, 21;24;wc, mag, pum, cls;dt, ai95, ai92;13
2;44.027503;42.877316;Ставропольский край, ст. Ессентукская, улица Павлова, 12 Б;25;wc, mag, cafe,  pum, cls;dt, ai95, ai92;13
1;44.988686;41.926258;Ставропольский край, город Ставрополь, улица Южный обход, 1 В, квартал 531;60;wc, mag, cafe,  pum, cls;dt, ai95, ai92;13
1;45.120767;41.96425;Ставропольский край, Шпаковский район, с. Верхнерусское, ул. Батайская, 17 ;325;mag, cafe;dt, ai95, ai92;13
2;44.056711;42.833675;Ставропольский край, город Ессентуки, шоссе Суворовское, район аэродрома;396;mag;dt, ai95, ai92;13
1;45.044422;42.004006;Ставропольский край, город Ставрополь, переулок Средний, 103;397;mag;dt, ai95, ai92;13
1;45.07572;42.00768;Ставропольский край, город Ставрополь, улица Пригородная, 249;398;mag, pum, cls;dt, ai95, ai92;13
2;44.055615;42.942688;Ставропольский край, район стелы города Ессентуки при выезде из города, район станции Золотушка;399;mag;dt, ai95, ai92;13
3;44.603867;41.961744;Ставропольский край, город Невинномысск, улица Апанасенко;2601;;dt, ai95, ai92;13
3;44.622934;41.985449;Ставропольский край, город Невинномысск, улица Калинина;2602;;dt, ai95, ai92;13
3;44.627094;41.92595;Ставропольский край, город Невинномысск, улица Матросова;2603;;dt, ai95, ai92;13
3;44.038873;43.099344;Ставропольский край, город Пятигорск, улица Теплосерная;2604;;dt, ai95, ai92;13
3;44.06073 ;43.019629 ;"Ставропольский край, город Пятигорск, Бештаугорское шоссе,  район гипермаркета  МЕТРО Кэш энд Керри
";2605;;dt, ai95, ai92;13
2;54.43505;38.183783;Тульская область, Веневский район, ФАД М-4, 161 км, +550 м справа;103;wc, mag,  glass, pum, cls;dt, ai95, ai92;14
2;54.435283;38.18525;Тульская область, Веневский район, ФАД М-4, 161 км, +550 м слева;104;wc, mag,  glass, pum, cls;dt, ai95, ai92;14
1;53.968283;38.3673;Тульская область, город Донской, мкрайон Центральный, улица Горняцкая, 22 Б;105;wc, mag, glass, pum, cls;dt, ai95, ai92;14
1;53.98235;38.3094;Тульская область, город Донской, поселок Новоугольный, улица Новомосковская, 50;106;wc, mag, pum, glass, cls;dt, ai95, ai92;14
1;54.012967;38.265567;Тульская область, город Новомосковск, ул Космонавтов,  4 А;107;wc, mag, pum, glass, cls;dt, ai95, ai92;14
1;54.033333;38.259533;Тульская область, город Новомосковск, улица Мира, 17 Б;108;wc, mag, pum, glass, cls;dt, ai95, ai92;14
2;53.04965;38.19725;Тульская область, Ефремовский район, Кругликовский село, ФАД М-4, 324 км, +600 м справа;109;wc, mag,  glass, pum, cls;dt, ai95, ai92;14
2;53.051183;38.197533;Тульская область, Ефремовский район, Кругликовский село, ФАД М-4, 324 км,  +600 м слева;110;wc, mag, cafe,  glass, pum, cls, shower;dt, ai98, ai95, ai92, sg;14
1;54.02545;38.288117;Тульская область, город Новомосковск, ул Трудовые резервы, 60;111;wc, mag, pum, glass, cls;dt, ai95, ai92;14
1;54.193117;37.543867;Тульская область, город Тула, Одоевское шоссе, 59 А;371;wc, mag, pum, glass, cls;dt, ai95, ai92;14
1;54.167533;37.632683;Тульская область, город Тула,  улица Рязанская, 48;372;wc, mag, glass, pum, cls ;dt, ai95, ai92;14
2;53.84694 ;37.42656 ;Тульская область, автодорога Крым, 228 км, +500 м справа;373;mag;dt, ai95, ai92;14
1;54.196267;37.660756;Тульская область, город Тула,  улица Ложевая,  140;377;mag;dt, ai95, ai92;14
1;54.22439;37.62689;Тульская область, город Тула,  улица Октябрьская, 107;378;;dt, ai95, ai92;14
1;53.09234;38.03439;Тульская область, город Ефремов, Тульское шоссе, 32;419; mag;dt, ai95, ai92;14
1;56.876361;53.283477;Республика Удмуртия, город Ижевск улица Автозаводская, 33, около Дома моделей;280;wc, mag,  glass, pum, cls;dt, ai95, ai92;15
2;56.912681;53.332829;Республика Удмуртия, город Ижевск,  Воткинское шоссе, пов. на поселок Хохряки;281;mag, pum, wc;dt, ai95, ai92;15
2;56.754417;53.160095;Республика Удмуртия,  поселок Совхозный,  автодорога Ижевск-Можга, 21 км ;284;wc, mag,  cafe, glass, pum, cls;dt, ai95, ai92 ;15
2;56.879386;53.167562;Республика Удмуртия, поселок Дорожный,  Як-Бодьинский тракт,  автодорога Ижевск-Игра, 14 км;286;wc, mag, pum;dt, ai95, ai92 ;15
2;56.838222;53.341434;Республика Удмуртия, автодорога  Ижевск-Завьялово,  12 км,  поворот на Аэропорт;287;mag, pum;dt, ai95, ai92;15
1;56.893183;53.229017;Республика Удмуртия, город Ижевск, улица Славянское шоссе, 0/7;288; mag;dt, ai95, ai92;15
1;57.043174;54.031185;Республика Удмуртия, город Воткинск, Гавриловский тракт, 4;290;wc, mag,  glass, pum, cls;dt, ai95, ai92 ;15
1;56.871706;53.250303;Республика Удмуртия, город Ижевск, ул. 8 Марта, 135;291;wc, mag,  glass, pum, cls;dt, ai98,  ai95, ai92;15
1;56.875083;53.281116;Республика Удмуртия, город Ижевск, улица Ворошилова, 90;292;wc, mag,  glass, pum;dt, ai95, ai92;15
1;56.832611;53.220112;Республика Удмуртия, город Ижевск, переулок Ботеневский, 21 А;293;wc, mag,  glass, pum;dt, ai95, ai92 ;15
1;56.849113;53.255217;Республика Удмуртия, город Ижевск, улица Чапаева, 2;294;wc, mag,  glass, pum;dt, ai95, ai92;15
2;56.835828;53.421707;Республика Удмуртия, Завьяловский район,  д. Старое Мартьяново, Аэропорт;295;wc, mag,  glass, pum;dt, ai95, ai92 ;15
1;56.861643;53.188848;Республика Удмуртия, город Ижевск, улица Кирова, 74;296;wc, mag,  glass, pum;dt, ai98, ai95, ai92;15
1;56.872269;53.227086;Республика Удмуртия, город Ижевск,  улица 10 лет Октября, 77;297;wc, mag,  glass, pum;dt, ai98, ai95, ai92;15
1;53.65306;55.947219;Республика Башкортостан, город Стерлитамак, улица  Геологическая;62;wc, mag,  glass, pum;dt, ai95, ai92;11
1;53.623628;55.930554;Республика Башкортостан, город Стерлитамак, улица Черноморская ;63;wc, mag,  glass, pum;dt, ai95, ai92;11
1;53.654410;55.959710;Республика Башкортостан, город Стерлитамак, улица Элеваторная, 9;64;wc, mag,  glass, pum;dt, ai80, ai92;11
2;53.444315;55.924315;Республика Башкортостан, Стерлитамакский район, д. Кантюковка;65;wc, mag,  glass, pum;dt, ai95, ai92;11
1;53.441864;56.029335;Республика Башкортостан, город Ишимбай, улица Жукова;66;wc, mag,  glass, pum;dt, ai80, ai95, ai92;11
1;53.622573;55.922958;Республика Башкортостан, город Стерлитамак, улица Курчатова, 4 Б;67;wc, mag,  glass, pum;dt, ai95, ai92;11
1;52.972809;55.949147;Республика Башкортостан, город Мелеуз, улица 50 лет ВЛКСМ, район завода ЗЖБК;68;wc, mag,  glass, pum;dt, ai95, ai92;11
1;52.758333;55.827500;Республика Башкортостан, город Кумертау, улица Промышленная, 1 А;69;wc, mag,  glass, pum;dt, ai95, ai92;11
1;53.614404;55.907090;Республика Башкортостан, город Стерлитамак, улица Коммунистическая, 118;70;wc, mag,  glass, pum;dt, ai95, ai92;11
2;53.185031;55.20683;Республика Башкортостан, село Федоровка, улица Ленина, 106;71;wc, mag,  glass, pum;dt, ai95, ai92;11
1;53.594380;55.913635;Республика Башкортостан, город Стерлитамак, Стерлибашевский тракт, 43;72;wc, mag,  glass, pum;dt, ai95, ai92, ai80;11
1;53.598668;55.938885;Республика Башкортостан, город Стерлитамак, улица Гоголя-Суханова;73;wc, mag,  glass, pum;dt, ai95, ai92;11
1;53.399951;55.914842;Республика Башкортостан, город Салават-6, улица Зеленая, 9;74;wc, mag,  glass, pum;dt, ai95, ai92, ai80;11
2;52.154444;56.681389;Республика Башкортостан, Зианчуринский район, село Тазларово, улица Химиков, 12;75;wc, mag,  glass, pum;dt, ai95, ai92, ai80;11
2;53.244538;55.916993;Республика Башкортостан, Мелеузовский район, поселок Зирган, 159 км автодороги Уфа-Оренбург;76;wc, mag,  glass, pum;dt, ai95, ai92;11
2;53.039855;56.429241;Республика Башкортостан, Мелеузовский район, поселок Нугуш, улица Космонавтов, 30;77;wc, mag,  glass, pum;dt, ai95, ai92;11
2;53.791667;58.659444;Республика Башкортостан, Абзелиловский район,  деревня  Муракаево, трасса Стерлитамак-Белорецк-Магнитогорск, 254 км;78;wc, mag,  glass, pum;dt, ai95, ai92;11
2;53.431512;55.264143;Республика Башкортостан, Стерлибашевский район,  село Стерлибашево,  улица Объездная, 7 А;79;wc, mag,  glass, pum;dt, ai95, ai92, ai80;11
1;53.332744;55.933993;Республика Башкортостан,  город Салават, пересечение улиц Островского и Ленинградской, на выезде в южной части города, 1 км. от автодороги Уфа – Оренбург;80;wc, mag,  glass, pum;dt, ai95, ai92;11
2;53.6055556;58.612500;Республика Башкортостан, Абзелиловский район, д. Зеленая поляна, улица Торфяная, 27;82;wc, mag,  glass, pum;dt, ai95, ai92;11
1;51.827925; 55.135799;Оренбургская область, город Оренбург, улица Театральная, 1/1;83;wc, mag,  glass, pum; ai95, ai92;16
1;51.790367;55.160018;Оренбургская область, город Оренбург, улица Лесозащитная, 11;84;wc, mag,  glass, pum;dt, ai98, ai95, ai92;16
2;51.850238;54.534645;Оренбургская область, Переволоцкий район,  трасса Оренбург - Самара, 46 км;85;wc, mag,  glass, pum;dt, ai95, ai92;16
1;51.723998;55.100417;Оренбургская область, город Оренбург, улица Беляевская, 4/1;86;wc, mag,  glass, pum;dt, ai98, ai95, ai92;16
1;51.819330;55.184157;Оренбургская область, город Оренбург, улица Загородное шоссе, 27;87;wc, mag,  glass, pum;dt, ai98, ai95, ai92;16
1;51.809238;55.143525;Оренбургская область, город Оренбург, проспект Победы, 147/1;88;wc, mag,  glass, pum;dt, ai98, ai95, ai92, ai80;16
1;51.690898;55.084926;Оренбургская область, город Оренбург, улица Донгузская, 1 проезд 72;89;wc, mag,  glass, pum;dt, ai95, ai92;16
1;51.798318; 55.108222;Оренбургская область, город Оренбург, улица Шевченко, 20/2;90;wc, mag,  glass, pum;dt, ai98, ai95, ai92;16
1;51.806784;55.107666;Оренбургская область, город Оренбург, улица Терешковой, 144/2;91;wc, mag,  glass, pum;dt, ai98, ai95, ai92;16
1;51.844821;55.107761;Оренбургская область, город Оренбург, улица Терешковой, 154/4;92;wc, mag,  glass, pum;dt, ai98, ai95, ai92;16
1;51.846148;55.140908;Оренбургская область, город Оренбург, улица Просторная, 15;93;wc, mag,  glass, pum;dt, ai98, ai95, ai92;16
1;51.771449;55.233394;Оренбургская область,  город Оренбург, поселок Ростоши, улица Раздольная, 3;94;wc, mag,  glass, pum;dt, ai98, ai95, ai92;16
2;52.027479;55.233016;Оренбургская область, Сакмарский район, с. Майорское, на развилке автодорог Оренбург-Казань и Оренбург-Сакмара;95;wc, mag,  glass, pum;dt, ai95, ai92;16
1;60.941678;76.612280;ХМАО-Югра АО, г. Нижневартовск, ул. Интернациональная, 24П;500;mag;dt, ai95, ai92;26
1;60.969329;76.535672;ХМАО-Югра АО, г. Нижневартовск, ул. Индустриальная, 78;501;mag;dt, ai95, ai92;26
1;56.045626;92.865065;Красноярский край, г. Красноярск, ул. Караульная, 9 а;444;;dt, ai98, ai95, ai92;27
1;56.038682;92.841367;Красноярский край, г. Красноярск, ул. 2-я Брянская, 6 Г;445;;dt, ai98, ai95, ai92;27
1;56.049916;92.757921;Красноярский край, г. Красноярск, ул. 2-я Красногорская, 25;446;;dt, ai98, ai95, ai92;27
1;56.011317;92.813036;Красноярский край, г. Красноярск, ул. Ладо Кецховели, 45;447;;dt, ai98, ai95, ai92;27
1;56.020255;92.875249;Красноярский край, г. Красноярск, ул. Брянская, 4;448;;ai98, ai95, ai92;27
1;56.034450;92.926621;Красноярский край, г. Красноярск, ул. Партизана Железняка, 27;449;;dt, ai98, ai95, ai92;27
1;56.039531;92.936760;Красноярский край, г. Красноярск, ул. Партизана Железняка, 49;450;;dt, ai98, ai95, ai92;27
1;56.034122;92.894307;Красноярский край, г. Красноярск, ул. Взлётная, 50;451;;dt, ai98, ai95, ai92;27
2;56.024402;93.094875;Красноярский край, п.  Березовка, ул. Трактовая, 1;452;;dt, ai98, ai95, ai92;27
2;56.037512;93.126394;Красноярский край, п. Березовка, ул. Кирова, 56 А;453;;dt, ai98, ai95, ai92;27
1;56.031623;93.024734;Красноярский край, г. Красноярск, 26 Бакинских Комиссаров, 10 Г;454;;dt, ai98, ai95, ai92;27
1;55.987913;92.920549;Красноярский край, г. Красноярск, ул. 60 лет Октября, 161 Г;455;;dt, ai98, ai95, ai92;27
1;55.982690;92.948751;Красноярский край, г. Красноярск, ул. Монтажников, 24 б;456;;dt, ai98, ai95, ai92;27
1;55.992684;92.998552;Красноярский край, г. Красноярск, ул. Волжская, 63 А;457;;dt, ai98, ai95, ai92;27
1;58.194470;92.520805;Красноярский край, г.  Лесосибирск,  ул. Горького, 144;458;;dt, ai95, ai92;27
1;58.454685;92.148707;Красноярский край, г. Енисейск, ул. Рабочая-Крестьянская, 193;459;;dt, ai95, ai92 ;27
2;57.718540;93.274484;Красноярский край, с. Казачинское,  ул. Советская, 228 А;460;;dt, ai98, ai95, ai92;27
1;58.615295;99.177550;Красноярский край, г. Кодинск, пр-т. Ленинского Комсомола, 1 (Северный съезд);461;;dt, ai98, ai95, ai92;27
1;56.184616;95.707229;Красноярский край, г. Канск, ул. Николая Буды, 100 А;462;;dt, ai98, ai95, ai92;27
2;56.249235;95.612730;Красноярский край, Канский р-н, 9й км. а/д Канск-Тасеево-Троицк;463;;dt, ai95, ai92 ;27
2;56.215812;95.592023;Красноярский край, Канский р-н, 10-й км а/д «обход г. Канска»;464;;dt, ai95, ai92;27
1;58.225496;92.507185;Красноярский край, г. Лесосибирск, ул. Горького, 110 А;465;;dt, ai98, ai95, ai92;27
1;58.450349;92.233106;Красноярский край,  г. Енисейск, ул. Ленина, 10;466;;dt, ai95, ai92 ;27
2;56.400605;93.617536;Красноярский край, Сухобузимский р-н, с. Атаманово, ул. 4-х Борцов, 129;468;;dt, ai95, ai92 ;27
2;56.229822;95.639756;Красноярский край, Канский р-н, с. Бережки, ул. Трактовая, 2;469;;dt, ai95, ai92 ;27
2;58.587165;99.162277;Красноярский край,  г. Кодинск, Кежемский р-н, Левая сторона а/д ГЭС в 2 км от г. Кодинска;470;;dt, ai95, ai92 ;27
2;58.697727;99.110026;Красноярский край, Кежемский р-н, Стройбаза левого берега (АЗС с нефтебазой);471;;dt, ai95, ai92;27
;;;;;;;
;;;;;;;
;;;;;;;
