1;500;60,941678;76,61228;ХМАО-Югра АО, г. Нижневартовск, ул. Интернациональная, 24П;mag;dt, ai95, ai92;26;42,5;;39,2;40,4;;
1;501;60,969329;76,535672;ХМАО-Югра АО, г. Нижневартовск, ул. Индустриальная, 78;mag;;26;42,5;;39,2;40,4;;
2;433;50,802297;36,494838;Белгородская область, Яковлевский район, хутор Крапивенские Дворы, улица Магистральная;mag, wc;dt, ai95, ai92, sg;7;39,7;;37,9;40,9;;18,9
2;434;50,352416;36,302379;Белгородская область, Белгородский район, 702км+200м (слева) а/д Москва-Харьков;mag, wc;dt, ai95, ai92, sg;7;39,7;;37,9;40,9;;18,9
1;435;50,553232;36,580781;Белгородская область, город  Белгород, проспект  Ватутина - улица Щорса, объездная дорога;mag;dt, ai95, ai92, sg;7;39,7;;37,9;40,9;;18,9
1;436;50,381193;36,922227;Белгородская область, город Шебекино, пересечение автодороги Шебекино-Волчанск и Белгород-Волоконовка;mag;dt, ai95, ai92, sg;7;39,7;;37,9;40,9;;18,9
1;437;50,221926;38,107151;Белгородская область, город Валуйки, улица 1 Мая 2/2;mag;dt, ai95, ai92, sg;7;39,7;;37,9;40,9;;18,9
1;438;46,316539;48,043386;Астраханская область,  город Астрахань , улица Рождественского, 2 А;;dt, ai95, ai92, sg;8;39,9;;38,95;42,15;;19,5
2;439;46,758331;48,046115;Астраханская область, Красноярский район, поселок Аксарайский, в 180 м на северо-запад от стац.поста ГИБДД "Тайга-1";;dt, ai95, ai92;8;39,9;;38,95;42,15;;
1;440;48,748803;44,468243;Волгоградская область,  город  Волгоград, улица  им.Землячки,  3А.;wc, mag;dt, ai95, ai92, sg;4;39,9;;38,65;41,9;;19
2;441;55,954475;39,600891;Владимирская область, Петушинский район, вдоль автодороги «Москва-Н. Новгород» М-7 «Волга-1» 129 км (справа);wc, mag, cafe, glass, pum, cls;dt, ai95, ai92;17;39,9;;37,9;40,6;;16,9
1;444;56,045626;92,865065;Красноярский край, г. Красноярск, ул. Караульная, 9 а;;dt, ai98, ai95, ai92;27;42,3;;37,3;39,6;44,1;
1;445;56,038682;92,841367;Красноярский край, г. Красноярск, ул. 2-я Брянская, 6 Г;;dt, ai98, ai95, ai92;27;42,3;;37,3;39,6;44,1;
1;446;56,049916;92,757921;Красноярский край, г. Красноярск, ул. 2-я Красногорская, 25;;dt, ai98, ai95, ai92;27;42,3;;37,3;39,6;44,1;
1;447;56,011317;92,813036;Красноярский край, г. Красноярск, ул. Ладо Кецховели, 45;;dt, ai98, ai95, ai92;27;42,3;;37,3;39,6;44,1;
1;448;56,020255;92,875249;Красноярский край, г. Красноярск, ул. Брянская, 4;;ai98, ai95, ai92;27;;;37,3;39,6;44,1;
1;449;56,03445;92,926621;Красноярский край, г. Красноярск, ул. Партизана Железняка, 27;;dt, ai98, ai95, ai92;27;42,3;;37,3;39,6;44,1;
1;450;56,039531;92,93676;Красноярский край, г. Красноярск, ул. Партизана Железняка, 49;;dt, ai98, ai95, ai92;27;42,3;;37,3;39,6;44,1;
1;451;56,034122;92,894307;Красноярский край, г. Красноярск, ул. Взлётная, 50;;dt, ai98, ai95, ai92;27;42,3;;37,3;39,6;44,1;
2;452;56,024402;93,094875;Красноярский край, п.  Березовка, ул. Трактовая, 1;;dt, ai98, ai95, ai92;27;42,3;;37,3;39,6;44,1;
2;453;56,037512;93,126394;Красноярский край, п. Березовка, ул. Кирова, 56 А;;dt, ai98, ai95, ai92;27;42,3;;37,3;39,6;44,1;
1;454;56,031623;93,024734;Красноярский край, г. Красноярск, 26 Бакинских Комиссаров, 10 Г;;dt, ai98, ai95, ai92;27;42,3;;37,3;39,6;44,1;
1;455;55,987913;92,920549;Красноярский край, г. Красноярск, ул. 60 лет Октября, 161 Г;;dt, ai98, ai95, ai92;27;42,3;;37,3;39,6;44,1;
1;456;55,98269;92,948751;Красноярский край, г. Красноярск, ул. Монтажников, 24 б;;dt, ai98, ai95, ai92;27;42,3;;37,3;39,6;44,1;
1;457;55,992684;92,998552;Красноярский край, г. Красноярск, ул. Волжская, 63 А;;dt, ai98, ai95, ai92;27;42,3;;37,3;39,6;44,1;
1;458;58,19447;92,520805;Красноярский край, г.  Лесосибирск,  ул. Горького, 144;;dt, ai95, ai92;27;42;;37,3;39,6;;
1;459;58,454685;92,148707;Красноярский край, г. Енисейск, ул. Рабочая-Крестьянская, 193;;dt, ai95, ai92 ;27;42;;37,3;39,6;;
2;460;57,71854;93,274484;Красноярский край, с. Казачинское,  ул. Советская, 228 А;;dt, ai98, ai95, ai92;27;42,3;;37,3;39,6;44,1;
2;461;58,615295;99,17755;Красноярский край, г. Кодинск, пр-т. Ленинского Комсомола, 1 (Северный съезд);;dt, ai98, ai95, ai92;27;44,9;;38,9;41,4;45,4;
1;462;56,184616;95,707229;Красноярский край, г. Канск, ул. Николая Буды, 100 А;;dt, ai98, ai95, ai92;27;41,8;;37,3;39,6;44,1;
2;463;56,249235;95,61273;Красноярский край, Канский р-н, 9й км. а/д Канск-Тасеево-Троицк;;dt, ai95, ai92 ;27;41,8;;37,3;39,6;;
2;464;56,215812;95,592023;Красноярский край, Канский р-н, 10-й км а/д «обход г. Канска»;;dt, ai95, ai92;27;41,8;;37,3;39,6;;
1;465;58,225496;92,507185;Красноярский край, г. Лесосибирск, ул. Горького, 110 А;;dt, ai98, ai95, ai92;27;42;;37,3;39,6;44,1;
1;466;58,450349;92,233106;Красноярский край,  г. Енисейск, ул. Ленина, 10;;dt, ai95, ai92 ;27;42;;37,3;39,6;;
2;468;56,400605;93,617536;Красноярский край, Сухобузимский р-н, с. Атаманово, ул. 4-х Борцов, 129;;dt, ai95, ai92 ;27;42,3;;37,3;39,6;;
2;469;56,229822;95,639756;Красноярский край, Канский р-н, с. Бережки, ул. Трактовая, 2;;dt, ai95, ai92 ;27;41,8;;37,3;39,6;;
1;470;58,587165;99,162277;Красноярский край,  г. Кодинск, Кежемский р-н, Левая сторона а/д ГЭС в 2 км от г. Кодинска;;dt, ai95, ai92 ;27;44,9;;38,9;41,4;;
2;471;58,697727;99,110026;Красноярский край, Кежемский р-н, Стройбаза левого берега (АЗС с нефтебазой);;dt, ai95, ai92;27;44,9;;38,9;41,4;;
1;390;46,313956;44,301734;Республика Калмыкия, город Элиста, Восточная промзона, 3 проезд;wc, mag, cafe;dt, ai95, ai92;22;39,9;;38,95;42,15;;
1;39;46,3394;48,0219;Астраханская область,  город Астрахань, Советский район, улица Боевая/Бакинская, 32/21 А;wc, mag,  pum, cls;dt, ai95, ai92;8;39,9;;38,95;42,15;;
2;387;52,696678;39,780987;Липецкая область, Добровский район, село Капитанщино, сельское поселение, Кореневщинский сельсовет; mag ;dt, ai95, ai92;18;39,9;;38,2;40,9;;
2;386;52,785867;39,735051;Липецкая область, Добровский район,  сельское поселение Панинский сельсовет, с. Малый Хомутец, ул. Ленина, 2/1; mag;dt, ai95, ai92;18;39,9;;38,2;40,9;;
1;385;52,565806;39,593779;Липецкая область, город Липецк,  Площадь Металлургов, 2, район коксохимического производства;mag;dt, ai98, ai95, ai92;18;39,9;;38,2;40,9;45,9;
1;384;52,566464;39,507471;Липецкая область, город Липецк, Советский район, ш. Воронежское,  12;mag;dt, ai98, ai95, ai92;18;39,9;;38,2;40,9;45,9;
2;383;52,859419;39,746845;Липецкая область, Добровский район, пересечение а/д Липецк-Чаплыгин и Доброе-Лебедянь;wc , mag;dt, ai95, ai92;18;39,9;;38,2;40,9;;
1;382;52,578832;39,532641;Липецкая область, город Липецк, улица Катукова;mag;dt, ai95, ai92;18;39,9;;38,2;40,9;;
1;381;52,646053;39,673089;Липецкая область, город Липецк, трасса Тамбов-Орел, 301 км; mag ;dt, ai98, ai95, ai92;18;39,9;;38,2;40,9;45,9;
1;380;53,33747;34,21427;Брянская область, город Брянск, Бежицкий район, улица Шоссейная, 77;wc, mag ;dt, ai95, ai92;5;39,99;;37,3;40,3;;
1;38;46,33795;48,041583;Астраханская область, город Астрахань, Советский район, улица Ахшарумова, 90 Б;wc, mag,  pum, cls;dt, ai95, ai92;8;39,9;;38,95;42,15;;
1;378;54,22439;37,62689;Тульская область, город Тула,  улица Октябрьская, 107;;dt, ai95, ai92;14;39,8;;37,5;40,5;;
1;377;54,196267;37,660756;Тульская область, город Тула,  улица Ложевая,  140;mag;dt, ai95, ai92;14;39,8;;37,6;40,5;;
2;373;53,84694;37,42656;Тульская область, автодорога Крым, 228 км, +500 м справа;mag;dt, ai95, ai92;14;38,9;;37,6;40,5;;
1;372;54,167533;37,632683;Тульская область, город Тула,  улица Рязанская, 48;wc, mag, glass, pum, cls ;dt, ai95, ai92;14;39,8;;37,6;40,5;;
1;371;54,193117;37,543867;Тульская область, город Тула, Одоевское шоссе, 59 А;wc, mag, pum, glass, cls;dt, ai95, ai92;14;39,8;;37,6;40,5;;
1;370;53,028708;32,373507;Брянская область, город Сураж, улица Белорусская, 152 А;wc, mag, pum, cls, glass;dt, ai95, ai92;5;39,99;;37,3;40,3;;
1;37;46,402817;48,10622;Астраханская область, город Астрахань, Ленинский район, улица Автозаправочная, 8;wc, mag,  pum, cls;dt, ai95, ai92;8;39,9;;38,95;42,15;;
2;369;52,914;33,499542;Брянская область, Почепский район, автодорога  Брянск-Новозыбков,  пересечение с а/д  Почеп-Первомайский, 73 км;wc, mag ;dt, ai95, ai92;5;39,99;;37,3;40,3;;
2;368;53,643272;33,453244;Брянская область, Дубровский район, село Алешня, б/н;wc, mag ;dt, ai95, ai92;5;39,99;;37,3;40,3;;
1;367;53,243058;34,340036;Брянская область,  город Брянск, Советский район, улица Красноармейская, 93;wc, mag ;dt, ai95, ai92;5;39,99;;37,3;40,3;;
2;366;53,120092;34,965219;Брянская область,  Карачевский район, город Карачев, улица Первомайская, квартал 80;wc, mag ;dt, ai95, ai92;5;39,99;;37,3;40,3;;
2;365;53,218067;34,317656;Брянская область, село Супонево, автодорога Брянск-Гомель М-13, 5 км слева;wc, mag, pum, cls;dt, ai95, ai92;5;39,99;;37,3;40,3;;
2;364;52,441527;31,624036;Брянская область,  автодорога Брянск-Гомель, автодорога М-13, км 220 слева;wc, mag ;dt, ai95, ai92;5;39,99;;37,3;40,3;;
2;363;56,13339;40,881522;Владимирская область, Судогодский район, д. Мичурино, ФАД М-7, 48 км справа;wc, mag, pum, cls;dt, ai95, ai92;17;39,9;;37,9;40,6;;
2;362;56,132017;40,882267;Владимирская область,  Судогодский район, д. Мичурино,  ФАД М-7, 48 км слева;wc, mag, pum, cls;dt, ai95, ai92;17;39,9;;37,9;40,6;;
1;410;54,77194;32,102575;Смоленская область, город Смоленск, улица Индустриальная, 2;wc, mag;dt, ai95, ai92;19;39,9;;37,9;40,9;;
1;41;46,3834;48,092833;Астраханская область, город Астрахань, Ленинский район, улица Новороссийская, 4;mag;dt, ai95, ai92;8;39,9;;38,95;42,15;;
2;409;54,479218;32,31994;Смоленская область, Починковский район, д. Мурыгино, автодорога А-141 Орел-Брянск-Смоленск, 331 км слева;wc, mag ;dt, ai92, ai95;19;39,9;;37,9;40,9;;
2;408;54,479949;32,31916;Смоленская область, Починковский район, д. Мурыгино, автодороги А-141 Орел-Брянск-Смоленск, 331 км справа;wc, mag ;dt, ai95, ai92;19;39,9;;37,9;40,9;;
1;407;53,5391;49,278077;Самарская область, город Тольятти, Автозаводский район, юго-восточнее улица Воскресенская, 34;mag;dt, ai95, ai92;20;39,4;;37,7;40,99;;
1;406;52,914007;49,697985;Самарская область, автодорога Самара - Саратов, 52 км справа;mag;dt, ai95, ai92;20;39,4;;37,7;40,99;;
1;405;53,498372;49,402901;Самарская область, город Тольятти, Центральный район, улица Баныкина, 7, стр. 1;mag;dt, ai95, ai92;20;39,4;;37,7;40,99;;
1;404;53,560096;49,305208;Самарская область, город Тольятти, Автозаводский район, северо-восточнее и западнее здания, улица Коммунальная,  38 Б;mag;dt, ai95, ai92;20;39,4;;37,7;40,99;;
1;403;53,55896;49,356913;Самарская область, город Тольятти Обводное шоссе, 21;mag;dt, ai95, ai92;20;39,4;;37,7;40,99;;
2;402;53,496053;50,072191;Самарская область, Волжский район, с. Курумоч, автодорога Москва-Самара, 1013 км;mag;dt, ai95, ai92;20;39,4;;37,7;40,99;;
1;401;53,541511;49,515276;Самарская область, село Васильевка, улица Шоссейная, 28 Б;mag;dt, ai95, ai92;20;39,4;;37,7;40,99;;
3;4007;54,5621;36,22245;Калужская область, город Калуга, улица Гурьянова, поворот на д. Белая ;;dt, ai95, ai92;2;37,9;;35,6;38,35;;
3;4006;54,57076;36,25567;Калужская область, город Калуга, улица Московская, 328;;dt, ai95, ai92;2;37,9;;35,6;38,35;;
3;4005;54,54603;36,28279;Калужская область, город Калуга, улица Путейская, правее д. 12;;dt, ai95, ai92;2;37,9;;35,6;38,35;;
3;4004;54,49493;36,22795;Калужская область, город Калуга,  Правобережный проезд ;;dt, ai95, ai92;2;37,9;;35,35;38;;
3;4003;54,55013;36,33714;Калужская область, город Калуга,  Грабцевское шоссе,  поворот на Кукареки;;dt, ai95, ai92;2;37,9;;35,6;38,35;;
3;4002;54,5637;36,24411;Калужская область, город Калуга,  улица Гурьянова, 5;;dt, ai95, ai92;2;37,9;;35,6;38,35;;
3;4001;54,51439;36,35884;Калужская область, город Калуга,  улица Советская, 107;;dt, ai95, ai92;2;37,9;;35,6;38,35;;
1;400;53,495807;49,531569;Самарская область, город Тольятти, ФАД М-5, 975-976 км ;mag;dt, ai95, ai92;20;39,4;;37,7;40,99;;
1;40;46,35885;48,055;Астраханская область, город Астрахань,  Ленинский район, улица Академика Королева, 43;wc, mag,  pum, cls;ai95, ai92;8;;;38,95;42,15;;
2;4;44,12475;43,440167;Ставропольский край, Георгиевский район, станица Незлобная,  улица Ленина, 388;wc, mag,  pum, cls;dt, ai95, ai92, sg;13;39,97;;39,77;42,67;;17,77
2;399;44,055615;42,942688;Ставропольский край, район стелы города Ессентуки при выезде из города, район станции Золотушка;mag;dt, ai95, ai92;13;39,97;;39,77;42,67;;18,27
1;398;45,07572;42,00768;Ставропольский край, город Ставрополь, улица Пригородная, 249;mag, pum, cls;dt, ai95, ai92;13;39,97;;39,77;42,67;;18,27
1;397;45,044422;42,004006;Ставропольский край, город Ставрополь, переулок Средний, 103;mag;dt, ai95, ai92;13;39,97;;39,77;42,67;;
2;396;44,056711;42,833675;Ставропольский край, город Ессентуки, шоссе Суворовское, район аэродрома;mag;dt, ai95, ai92;13;39,97;;39,77;42,67;;18,27
2;395;47,392468;38,919097;Ростовская область, село Покровское, улица О. Кошевого;wc;dt, ai95, ai92;3;40,1;;39,6;42,9;;
1;394;47,256523;38,902821;Ростовская область, город Таганрог, улица Москатова, 20;;dt, ai95, ai92;3;40,1;;39,6;42,9;;
2;393;55,995417;44,648933;Нижегородская область, Кстовский район, ФАД М-7 Волга,  474 км;mag;dt, ai95, ai92;23;39,9;;37,9;40,7;;
1;392;46,372067;44,265594;Республика Калмыкия, город Элиста, автодорога М-6 Каспий, 8 км, +125 м слева;wc, cafe, mag;dt, ai95, ai92, sg;22;39,9;;38,95;42,15;;19,4
1;391;46,312882;44,217276;Республика Калмыкия, город Элиста, улица В.И. Ленина, 8, стр. 5;mag, cafe;dt, ai95, ai92, sg;22;39,9;;38,95;42,15;;19,4
3;3402;48,492151;44,602306;Волгоградская область, город Волгоград, улица 40 лет  ВЛКСМ, 45 Б;;dt, ai95, ai92;4;38,29;;36,5;39,7;;
3;3401;48,818853;44,608937;Волгоградская область, город Волгоград, улица Пятая, 5;;dt, ai95, ai92;4;38,29;;36,5;39,7;;
2;340;55,822233;44,979133;Нижегородская область, Княгининский район, город Княгинино, 41-й км а/д Работки-Порецкое;mag;dt, ai95, ai92;23;39,7;;37,9;40,6;;
1;34;46,359867;48,0635;Астраханская область, город Астрахань, Кировский район, улица Минусинская, 1;wc, mag, cafe, pum, cls;dt, ai95, ai92;8;39,9;;38,95;42,15;;
2;339;51,272431;37,808428;Белгородская область, город Старый Оскол, пересечение южной объездной дороги и Комсомольского проспекта;wc, mag;dt, ai95, ai92;7;39,7;;37,9;40,9;33,5;
1;338;51,331355;37,873859;Белгородская область, город Старый Оскол, магистраль 1-1,  район ГСК  Сталь;mag;dt, ai95, ai92;7;39,7;;37,9;40,9;33,5;
2;337;56,908917;45,029533;Нижегородская область, Семеновский район, д. Боковая,  трасса Р-159, 117 км;;dt, ai95, ai92;23;39,9;;37,9;40,6;;
1;336;50,574183;36,541457;Белгородская область, город Белгород, улица Магистральная, 2 Б;mag;dt, ai95, ai92;7;39,7;;37,9;40,9;;
2;335;50,532202;36,685542;Белгородская область, Белгородский р-он, пгт. Разумное, ул Ленина, 12;mag, wc;dt, ai95, ai92;7;39,7;;37,9;40,9;;
1;334;50,639164;38,668587;Белгородская область, город Алексеевка, улица Ленина, 164;wc, mag;dt, ai95, ai92, sg;7;39,7;;37,9;40,9;;18,9
1;333;50,644035;38,682813;Белгородская область, город Алексеевка, переулок Острогожский, 2;wc, mag;dt, ai95, ai92;7;39,7;;37,9;40,9;;
1;332;50,219171;38,083613;Белгородская область, город Валуйки, улица М. Горького, 82/7;mag, cafe, wc;dt, ai95, ai92;7;39,7;;37,9;40,9;;
2;331;50,781913;36,503526;Белгородская область, город Строитель, ФАД М-2 Крым, 645 км, +300 м слева;wc, mag, glass, pum, cls;dt, ai98, ai95, ai92;7;39,7;;37,9;40,9;47,4;
1;33;47,415589;47,225024;Астраханская область, Харабалинский район, город Харабали, улица Дорожная, 3; mag;dt, ai95, ai92;8;39,9;;38,95;42,15;;
2;327;55,2917;46,2026;Нижегородская область, Сеченовский район, село Мурзицы, улица Новая,  8;;dt, ai95, ai92;23;39,7;;37,9;40,6;;
2;322;49,095551;44,805975;Волгоградская область, Дубовский район, с. Оленье, автодорога Сызрань-Саратов-Волгоград, 933 км, +700 м;wc, mag, pum ;dt, ai95, ai92;4;40,2;;39,05;41,9;;
3;3205;53,257964;34,389136;Брянская область, город Брянск, улица Калинина, 148 Б;;dt, ai95, ai92;5;38,59;;36,3;39,3;;
3;3204;53,29404;34,257153;Брянская область,город Брянск, улица Сахарова,  1 А;;dt, ai95, ai92;5;38,59;;36,3;39,3;;
3;3203;53,332001;34,308801;Брянская область,город Брянск, улица Почтовая;;dt, ai95, ai92;5;38,59;;36,3;39,3;;
3;3202;53,282805;34,390929;Брянская область, город Брянск, пересечение проспект Щорса и улица Академика Королёва;;dt, ai95, ai92;5;38,59;;36,3;39,3;;
3;3201;53,207454;34,464406;Брянская область,  город Брянск, Московский проспект, 156 А;;dt, ai95, ai92;5;38,59;;36,3;39,3;;
1;32;46,357758;48,095991;Астраханская область, город Астрахань, Ленинский район, улица Славянская, 1 Д;wc, mag, cafe, cls, pum;dt, ai95, ai92;8;39,9;;38,95;42,15;;
3;3108;50,582303;36,568158;Белгородская область, город Белгород, улица Щорса – улица 5 Августа;;dt, ai95, ai92;7;38,7;;36,9;39,9;;
3;3107;50,541809;36,655045;Белгородская область, город Белгород, улица Волчанская,  298;;dt, ai95, ai92;7;38,7;;36,9;39,9;;
3;3106;50,618261;36,612905;Белгородская область, город Белгород, улица Студенческая, 2 Р;;dt, ai95, ai92;7;38,7;;36,9;39,9;;
3;3105;50,580436;36,668469;Белгородская область, город Белгород, улица Макаренко, 12 Д;;dt, ai95, ai92;7;38,7;;36,9;39,9;;
3;3104;50,569027;36,536996;Белгородская область, город Белгород, улица Молодёжная, 21;;dt, ai95, ai92;7;38,7;;36,9;39,9;;
2;361;56,10375;40,684883;Владимирская область, ФАД М-7 на север от д. Новокарповка 34-км Южного обхода справа;wc, mag, pum, cls;dt, ai95, ai92;17;39,9;;37,9;40,6;;
2;360;56,102933;40,684983;Владимирская область, ФАД М-7 на север от д. Новокарповка 34-км Южного обхода слева;wc, mag, pum, cls;dt, ai95, ai92;17;39,9;;37,9;40,6;;
2;36;46,376;48,001833;Астраханская область,  Наримановский район, поселок Пригородный, Николаевское шоссе, 1 Б;wc, mag, cafe, pum, cls;dt, ai95, ai92;8;39,9;;38,95;42,15;;
2;359;56,590128;40,55431;Владимирская область, Суздальский район, д. Вильцово, ФАД М-7,  227 км, +400 м справа;wc, mag, pum, cls;dt, ai95, ai92;17;39,7;;37,9;39,6;;
2;358;56,210649;40,611597;Владимирская область,  ФАД М-7, 201 км слева;wc, mag, pum, cls;dt, ai95, ai92;17;39,9;;37,9;40,6;;
2;357;55,935667;39,42475;Владимирская область, ФАД М-7, 117 км слева;wc, mag, pum, cls;dt, ai95, ai92;17;39,9;;37,9;40,6;;
2;356;56,219133;42,192617;Владимирская область, ФАД М-7, 301 км слева;wc, mag, pum, cls;dt, ai95, ai92;17;39,9;;37,9;40,6;;
2;355;56,026924;40,000903;Владимирская область, город Лакинск, улица Мира, 98;wc, mag, pum, cls;dt, ai95, ai92;17;39,9;;37,9;40,6;;
2;354;55,967775;39,780513;Владимирская область, пос. Болдино, ФАД М-7, 141 км, справа ;wc, mag, pum, cls;dt, ai95, ai92;17;39,9;;37,9;40,6;;
2;353;55,967633;39,783467;Владимирская область, ФАД М-7, 141 км, слева;wc, mag, pum, cls;dt, ai95, ai92;17;39,9;;37,9;40,6;;
1;352;56,325468;41,280928;Владимирская область, город Ковров, улица Комсомольская, 118;wc, mag,  pum, cls;dt, ai95, ai92;17;39,9;;37,9;40,6;;
1;351;56,39904;41,337257;Владимирская область, город Ковров, улица Добролюбова, 49;wc, mag, pum, cls;dt, ai95, ai92;17;39,9;;37,9;40,6;;
2;350;48,204864;40,270444;Ростовская область,  Каменский район, х. Верхнеговейный, улица Придорожная, 18;wc, mag, pum, cls;dt, ai95, ai92;3;39,9;;39,7;42,9;39,95;
1;35;46,334867;47,9788;Астраханская область, город Астрахань, Трусовский район, пл. Заводская, 94 Б;wc, mag;dt, ai95, ai92;8;39,9;;38,95;42,15;;
2;349;53,146367;34,882029;Брянская область, Карачевский район, автодорога Орел-Брянск-Смоленск, 88 км ;wc, mag ;dt, ai95, ai92;5;39,49;;37,3;40,3;;
1;348;53,264981;34,321753;Брянская область, город Брянск, Советский район,  улица Авиационная, 13;wc, mag;dt, ai95, ai92;5;39,99;;37,3;40,3;;
2;347;53,404694;34,348575;Брянская область, Брянский район, село Дарковичи, улица Веселая, строение 1 А;wc, mag, cafe;dt, ai95, ai92;5;39,99;;37,3;40,3;;
2;346;53,171067;34,33715;Брянская область, Брянский район, поселок Свень, а/д  Москва-Бобруйск, 15 км, +300 м;mag;dt, ai95, ai92;5;39,99;;37,3;40,3;;
2;345;53,209906;34,4705;Брянская область, Брянский район, Снежетьское лесничество, 18 -й квартал;wc, mag ;dt, ai95, ai92;5;39,99;;37,3;40,3;;
1;344;53,215467;34,419683;Брянская область, город Брянск, Фокинский район, пр-т Московский, 49;wc ;dt, ai95, ai92;5;39,99;;37,3;40,3;;
2;343;44,962761;41,065743;Краснодарский край, город Армавир, ФАД М-29  Кавказ,  161 км, +750 м слева;wc, mag ;dt, ai98, ai95, ai92;1;39,9;;39,85;43,35;47,5;
2;342;43,758589;39,520573;Краснодарский край, город Сочи, Лазаревский район, поселок Якорная Щель, улица Главная, 2/2;wc, mag, pum, cls;dt,  ai95, ai92, sg;1;39,9;;39,85;43,35;;20
1;341;45,161209;38,99833;Краснодарский край, город Краснодар, Ейское шоссе, 65;wc, mag, pum, cls;dt, ai98, ai95, ai92;1;39,9;;39,85;43,35;47,5;
3;3409;48,746389;44,46679;Волгоградская область,  город Волгоград, улица Землячки, 12 Б;;dt, ai95, ai92;4;38,29;;36,5;39,7;;
3;3408;48,52586;44,485782;Волгоградская область, город Волгоград, улица Лазоревая, 189 Б;;dt, ai95, ai92;4;38,29;;37,09;40,12;;
3;3407;48,685691;44,315541;Волгоградская область, город Волгоград, р.поселок  Горьковский, улица Волгоградская, 170 Д;;dt, ai95, ai92;4;38,29;;37,09;40,12;;
3;3406;48,601745;44,42785;Волгоградская область, город Волгоград, улица Кирова, 101 Г;;dt, ai95, ai92;4;38,29;;37,09;40,12;;
3;3405;48,597212;44,420919;Волгоградская область, городВолгоград, улица Колосовая, 45;;dt, ai95, ai92;4;38,29;;37,09;40,12;;
3;3404;48,753714;44,452146;Волгоградская область, город Волгоград улица Ангарская, 196;;dt, ai95, ai92;4;38,29;;36,5;39,7;;
3;3403;48,758543;44,451571;Волгоградская область, город Волгоград, ш. Авиаторов, 8 Л;;dt, ai95, ai92;4;38,29;;36,5;39,7;;
2;9;44,271867;43,0059;Ставропольский край, Минераловодский район, 337 км, +700 м  слева автомагистрали Кавказ;wc, mag, cafe,  pum, cls;dt, ai95, ai92, sg;13;39,97;;39,77;42,67;;17,77
1;89;51,690898;55,084926;Оренбургская область, город Оренбург, улица Донгузская, 1 проезд 72;wc, mag,  glass, pum;dt, ai95, ai92;16;40,9;;37,5;40,9;;
1;88;51,809238;55,143525;Оренбургская область, город Оренбург, проспект Победы, 147/1;wc, mag,  glass, pum;dt, ai98, ai95, ai92, ai80;16;40,9;;37,5;40,9;46,9;
1;87;51,81933;55,184157;Оренбургская область, город Оренбург, улица Загородное шоссе, 27;wc, mag,  glass, pum;dt, ai98, ai95, ai92;16;40,9;;37,5;40,9;46,9;
1;86;51,723998;55,100417;Оренбургская область, город Оренбург, улица Беляевская, 4/1;wc, mag,  glass, pum;dt, ai95, ai92, ai98;16;40,9;;37,5;40,9;46,9;
2;85;51,850238;54,534645;Оренбургская область, Переволоцкий район,  трасса Оренбург - Самара, 46 км;wc, mag,  glass, pum;dt, ai95, ai92;16;40,9;;37,5;40,9;;
1;84;51,790367;55,160018;Оренбургская область, город Оренбург, улица Лесозащитная, 11;wc, mag,  glass, pum;dt, ai95, ai92, ai98;16;40,9;;37,5;40,9;46,9;
1;83;51,827925;55,135799;Оренбургская область, город Оренбург, улица Театральная, 1/1;wc, mag,  glass, pum; ai95, ai92;16;;;37,5;40,9;;
2;82;53,6055556;58,6125;Республика Башкортостан, Абзелиловский район, д. Зеленая поляна, улица Торфяная, 27;wc, mag,  glass, pum;dt, ai95, ai92;11;40,3;;37,2;40,2;;
1;80;53,332744;55,933993;Республика Башкортостан,  город Салават, пересечение улиц Островского и Ленинградской, на выезде в южной части города, 1 км. от автодороги Уфа – Оренбург;wc, mag,  glass, pum;dt, ai95, ai92;11;40,3;;37,2;40,2;;
2;8;44,103583;42,93525;Ставропольский край, город Лермонтов, 1-ая Западная Промзона, улица Промышленная;wc, mag,  pum, cls;dt, ai95, ai92, sg;13;39,97;;39,77;42,67;;17,77
2;79;53,431512;55,264143;Республика Башкортостан, Стерлибашевский район,  село Стерлибашево,  улица Объездная, 7 А;wc, mag,  glass, pum;dt, ai95, ai92, ai80;11;40,3;;37,2;40,2;;
2;78;53,791667;58,659444;Республика Башкортостан, Абзелиловский район,  деревня  Муракаево, трасса Стерлитамак-Белорецк-Магнитогорск, 254 км;wc, mag,  glass, pum;dt, ai95, ai92;11;40,3;;37,2;40,2;;
2;77;53,039855;56,429241;Республика Башкортостан, Мелеузовский район, поселок Нугуш, улица Космонавтов, 30;wc, mag,  glass, pum;dt, ai95, ai92;11;40,3;;37,2;40,2;;
2;76;53,244538;55,916993;Республика Башкортостан, Мелеузовский район, поселок Зирган, 159 км автодороги Уфа-Оренбург;wc, mag,  glass, pum;dt, ai95, ai92;11;40,3;;37,2;40,2;;
2;75;52,154444;56,681389;Республика Башкортостан, Зианчуринский район, село Тазларово, улица Химиков, 12;wc, mag,  glass, pum;dt, ai95, ai92, ai80;11;40,3;;37,2;40,2;;
1;74;53,399951;55,914842;Республика Башкортостан, город Салават-6, улица Зеленая, 9;wc, mag,  glass, pum;dt, ai95, ai92, ai80;11;40,3;;37,2;40,2;;
1;73;53,598668;55,938885;Республика Башкортостан, город Стерлитамак, улица Гоголя-Суханова;wc, mag,  glass, pum;dt, ai95, ai92;11;40,3;;37,2;40,2;;
1;72;53,59438;55,913635;Республика Башкортостан, город Стерлитамак, Стерлибашевский тракт, 43;wc, mag,  glass, pum;dt, ai95, ai92, ai80;11;40,3;;37,2;40,2;;
2;71;53,185031;55,20683;Республика Башкортостан, село Федоровка, улица Ленина, 106;wc, mag,  glass, pum;dt, ai95, ai92;11;40,3;;37,2;40,2;;
1;70;53,614404;55,90709;Республика Башкортостан, город Стерлитамак, улица Коммунистическая, 118;wc, mag,  glass, pum;dt, ai95, ai92;11;40,3;;37,2;40,2;;
2;7;44,176077;43,130868;Ставропольский край,  город Минеральные Воды, улица Советская, 19 А;wc, mag,  pum, cls;dt, ai95, ai92, sg;13;39,97;;39,77;42,67;;17,77
1;69;52,758333;55,8275;Республика Башкортостан, город Кумертау, улица Промышленная, 1 А;wc, mag,  glass, pum;dt, ai95, ai92;11;40,3;;37,2;40,2;;
1;68;52,972809;55,949147;Республика Башкортостан, город Мелеуз, улица 50 лет ВЛКСМ, район завода ЗЖБК;wc, mag,  glass, pum;dt, ai95, ai92;11;40,3;;37,2;40,2;;
1;67;53,622573;55,922958;Республика Башкортостан, город Стерлитамак, улица Курчатова, 4 Б;wc, mag,  glass, pum;dt, ai95, ai92;11;40,3;;37,2;40,2;;
1;66;53,441864;56,029335;Республика Башкортостан, город Ишимбай, улица Жукова;wc, mag,  glass, pum;dt, ai80, ai95, ai92;11;40,3;;37,2;40,2;;
2;65;53,444315;55,924315;Республика Башкортостан, Стерлитамакский район, д. Кантюковка;wc, mag,  glass, pum;dt, ai95, ai92;11;40,3;;37,2;40,2;;
1;64;53,65441;55,95971;Республика Башкортостан, город Стерлитамак, улица Элеваторная, 9;wc, mag,  glass, pum;dt, ai80, ai92;11;40,3;;37,2;;;
1;63;53,623628;55,930554;Республика Башкортостан, город Стерлитамак, улица Черноморская ;wc, mag,  glass, pum;dt, ai95, ai92;11;40,3;;37,2;40,2;;
2;99;47,50721;40,855467;Ростовская область, автодорога Семикаракорск-Волгодонск, 97 км справа;wc, mag, cafe, pum, cls;dt,  ai95, ai92, sg;3;40,1;;39,7;42,9;33;20
1;98;47,215285;38,879419;Ростовская область, город Таганрог, Поляковское шоссе, 11;wc, mag, glass, pum, cls;dt, ai95, ai92;3;40,1;;39,6;42,9;;
2;97;48,827114;44,429864;Волгоградская область, Городищенский район, автодорога Москва-Волгоград, 954 км, +75 м слева;wc, mag, glass, pum, cls;dt, ai98, ai95, ai92;4;39,9;;38,65;41,9;47,1;
1;96;48,74828;44,835993;Волгоградская область, город Волжский, 41 микрорайон, объездная дорога;wc, mag, cafe, glass, pum, cls;dt,  ai95, ai92;4;39,9;;38,65;41,9;;
2;95;52,027479;55,233016;Оренбургская область, Сакмарский район, с. Майорское, на развилке автодорог Оренбург-Казань и Оренбург-Сакмара;wc, mag,  glass, pum;dt, ai95, ai92;16;40,9;;37,5;40,9;;
1;94;51,771449;55,233394;Оренбургская область,  город Оренбург, поселок Ростоши, улица Раздольная, 3;wc, mag,  glass, pum;dt, ai98, ai95, ai92;16;40,9;;37,5;40,9;46,9;
1;93;51,846148;55,140908;Оренбургская область, город Оренбург, улица Просторная, 15;wc, mag,  glass, pum;dt, ai98, ai95, ai92;16;40,9;;37,5;40,9;46,9;
1;92;51,844821;55,107761;Оренбургская область, город Оренбург, улица Терешковой, 154/4;wc, mag,  glass, pum;dt, ai98, ai95, ai92;16;40,9;;37,5;40,9;46,9;
1;91;51,806784;55,107666;Оренбургская область, город Оренбург, улица Терешковой, 144/2;wc, mag,  glass, pum;dt, ai98, ai95, ai92;16;40,9;;37,5;40,9;46,9;
1;90;51,798318;55,108222;Оренбургская область, город Оренбург, улица Шевченко, 20/2;wc, mag,  glass, pum;dt, ai95, ai92;16;40,9;;37,5;40,9;46,9;
3;4802;52,577042;39,654543;Липецкая область,  город Липецк,  ул. Ферросплавная, строение 38 А;;dt, ai95, ai92;18;38,9;;37,2;39,9;;
3;4801;52,655145;39,597584;Липецкая область,  город Липецк, улица Ковалёва, строение 109 И;;dt, ai95, ai92;18;38,9;;37,2;39,9;;
1;47;50,54143;36,658461;Белгородская область, город Белгород, улица Волчанская, 201;wc, mag, glass, pum, cls;dt, ai98, ai95, ai92;7;39,7;;37,9;40,9;47,4;
3;4605;51,741204;36,267395;Курская область, город Курск, улица Республиканская-Халинская, Халинская, 1 А;;dt, ai95, ai92;9;38,7;;36,9;40,1;;
3;4604;51,793258;36,168038;Курская область, город Курск, улица К. Маркса, 101 Б;;dt, ai95, ai92;9;38,7;;36,9;40,1;;
3;4603;51,649613;36,12872;Курская область, город Курск, улица Магистральная, 15 А;;dt, ai95, ai92;9;38,7;;36,9;40,1;;
3;4602;51,668294;36,076171;Курская область, город Курск, пр-т Ленинского комсомола;;dt, ai95, ai92;9;38,7;;36,9;40,1;;
3;4601;51,727128;36,140822;Курская область, город Курск, улица Бойцов 9-й дивизии;;dt, ai95, ai92;9;38,7;;36,9;40,1;;
2;46;50,638884;36,443189;Белгородская область, Белгородский район, автодорога  Белгород-Ахтырка, 12 км;wc, mag, cafe, glass, pum, cls;dt, ai95, ai92;7;39,7;;37,9;40,9;;
2;45;50,583562;38,714406;Белгородская область, Алексеевский район,  пересечение дороги Белгород-Павловск и подъезда к город Алексеевка;mag;dt, ai95, ai92;7;39,7;;37,9;40,9;;
2;44;51,191528;37,430666;Белгородская область, село Евгеньевка;wc, mag, cafe, glass, pum, cls;dt, ai95, ai92;7;39,7;;37,9;40,9;;
2;432;44,926469;37,330586; Краснодарский край, Анапский район,  х. Чембурка, улица Кольцевая, 19;wc, mag, cafe, glass, pum, cls, shower;dt, ai98, ai95, ai92 ;1;39,9;;39,85;43,35;47,5;
2;431;44,931471;37,344621;Краснодарский край, Анапский район, х. Чембурка, улица Шоссейная, 41 А;wc, mag, cafe, glass, pum, cls, shower;dt, ai98, ai95, ai92, sg;1;39,9;;39,85;43,35;47,5;19,6
1;430;47,229529;38,872601;Ростовская область, город Таганрог, улица 2-я Советская, 76 А;;dt, ai95, ai92;3;40,1;;39,6;42,9;;
1;43;46,368083;47,991683;Астраханская область, город Астрахань, Трусовский район, улица Молдавская, 102 А;mag;ai95, ai92;8;;;38,95;42,15;;
1;428;50,191116;38,099523;Белгородская область, город Валуйки, улица Никольская, 128;mag, wc;dt, ai95, ai92;7;39,7;;37,9;40,9;;
2;427;53,612616;50,666229;Самарская область, Красноярский район, автодорога Москва-Уфа-Челябинск, 1064 км, +390 м;mag;dt, ai95, ai92;20;39,4;;37,7;40,99;;
2;426;53,458551;50,218755;Самарская область, Красноярский район, автодорога Москва-Уфа-Челябинск, 1023 км, +208 м;mag;dt, ai95, ai92;20;39,4;;37,7;40,99;;
2;425;53,62926;50,70921;Самарская область, Красноярский район, автодорога Москва-Уфа-Челябинск, развилка на Моршанку, 1068 км ;mag;dt, ai95, ai92;20;39,4;;37,7;40,99;;
2;424;44,894885;39,179282;Республика Адыгея, город Адыгейск, автодорога Энем-Адыгейск-Бжедугхабль, 30 км, +730 м справа; cls;dt, ai95, ai92;25;39,9;;39,85;43,35;;
2;423;55,047967;43,281183;Нижегородская область, Дивеевский район, 100 м на юго-запад от развилки а/д Выездное-Дивеево-Сатис и Объездная село Дивеево;mag;dt,  ai95, ai92;23;39,9;;37,9;40,6;;
1;422;55,3217;42,107617;Нижегородская область, город Выкса, улица Челюскина, уч. 81;mag, wc;dt, ai95, ai92;23;39,9;;37,9;40,6;;
1;421;48,81801;44,759089;Волгоградская область, город Волжский, улица Заволжская, 2  А;wc, mag, glass, pum, cls;dt, ai95, ai92, ai98;4;39,9;;38,65;41,9;47,1;
1;420;50,616;36,537797;Белгородская область, город Белгород, улица Чичерина, 2 М;wc, mag, glass, pum, cls;dt,  ai95, ai92;7;39,7;;37,9;40,9;34,1;
1;42;46,46785;47,958367;Астраханская область, город Астрахань, Трусовский район, улица Автострадная, 10;wc, mag;dt, ai95, ai92;8;39,9;;38,95;42,15;;
2;414;54,111657;33,283762;Смоленская область, Рославльский район, село Екимовичи, улица Большая Советская, автодорога А-101,  355 км;wc, mag;dt, ai95, ai92;19;39,9;;37,9;40,9;;
2;413;53,822311;32,438946;Смоленская область, Шумячский район,  автодорога Москва–Малоярославец–Рославль, 420 км;wc, mag;dt, ai95, ai92;19;39,9;;37,9;40,9;;
2;412;54,945474;31,069555;Смоленская область, Руднянский район, город Рудня, улица Киреева, 6-й км объездной дороги;wc, mag ;dt, ai95, ai92;19;39,9;;37,9;40,9;;
1;62;53,65306;55,947219;Республика Башкортостан, город Стерлитамак, улица  Геологическая;wc, mag,  glass, pum;dt, ai95, ai92;11;40,3;;37,2;40,2;;
3;6113;47,18213;39,95867;Ростовская область, ст. Ольгинская,  улица Ленина, 196 Б;;dt, ai95, ai92;3;39,1;;38,7;41,9;;
3;6112;47,198521;39,62493;Ростовская область, город Ростов-на-Дону, улица Каширская, 8 Д;;dt, ai95, ai92;3;39,1;;38,7;41,9;;
3;6111;47,456816;40,086521;Ростовская область, город Новочеркасск, улица Трамвайная, 65А;;dt, ai95, ai92;3;39,1;;38,7;41,9;;
3;6110;47,31294;39,78696;Ростовская область, город Ростов-на-Дону, переулок Алябьева, 2/1;;dt, ai95, ai92;3;39,1;;38,7;41,9;;
3;6109;47,320539;39,743701;Ростовская область,  город Ростов-на-Дону,  улица 1-я Героическая, 2 А ;;dt, ai95, ai92;3;39,1;;38,7;41,9;;
3;6108;47,535914;42,133641;Ростовская область, город  Волгодонск,  улица Бетонная, 4А;;dt, ai95, ai92;3;39,1;;38,7;41,9;;
3;6107;47,542269;42,127766;Ростовская область, город Волгодонск, Романовское шоссе, 2 В;;dt, ai95, ai92;3;39,1;;38,7;41,9;;
3;6106;47,101739;39,760273;Ростовская область, город  Батайск, улица Промышленная, 21 А;;dt, ai95, ai92;3;39,1;;38,7;41,9;;
3;6105;47,143686;39,704032;Ростовская область, город  Батайск, улица Фермерская, 3 В;;dt, ai95, ai92;3;39,1;;38,7;41,9;;
3;6104;47,685485;40,269012;Ростовская область, город  Шахты, улица Хабарова, 25 И;;dt, ai95, ai92;3;39,1;;38,7;41,9;;
3;6103;47,698874;40,238253;Ростовская область, город  Шахты, улица Шоссейная, 212;;dt, ai95, ai92;3;39,1;;38,7;41,9;;
3;6102;48,043374;39,924552;Ростовская область, город Гуково, улица Магистральная, 24  Г;;dt, ai95, ai92;3;39,1;;38,7;41,9;;
3;6101;48,037994;39,89243;Ростовская область, город  Гуково, улица Бетонная, 20 В;;dt, ai95, ai92;3;39,1;;38,7;41,9;;
2;61;44,867268;39,188505;Республика Адыгея, город Адыгейск, ФАД М-4,  1357 км, +560 м справа;wc, mag, glass, pum, cls;dt, ai95, ai92, ai98;25;39,9;;39,85;43,35;47,5;
1;60;44,988686;41,926258;Ставропольский край, город Ставрополь, улица Южный обход, 1 В, квартал 531;wc, mag, cafe,  pum, cls;dt, ai95, ai92;13;39,97;;39,77;42,67;;18,27
2;6;44,082583;43,102733;Ставропольский край, город Железноводск, поселок Иноземцево,  улица Колхозная, 118;wc, mag,  pum, cls;dt, ai95, ai92, sg;13;39,97;;39,77;42,67;;17,77
1;59;50,642591;38,399391;Белгородская область, Красногвардейский район, село Засосна, улица Ленина, 17 А;wc, mag, glass, pum, cls;dt, ai95, ai92;7;39,7;;37,9;40,9;;
1;58;50,555206;36,561664;Белгородская область, город Белгород, улица Есенина, 34 А;wc, mag, glass, pum, cls;dt, ai98, ai95, ai92;7;39,7;;37,9;40,9;47,4;
1;57;50,625366;36,652986;Белгородская область, Белгородский район, автодорога Белгород-Короча, 9 км справа;wc, mag,  glass, pum, cls;dt, ai98,  ai95, ai92, sg;7;39,7;;37,9;40,9;47,4;18,9
1;56;50,602855;36,561342;Белгородская область, город Белгород, улица Сумская, 8 А;mag;dt, ai98, ai95, ai92;7;39,7;;37,9;40,9;47,4;
1;55;50,610202;36,613311;Белгородская область, город Белгород, улица Калинина, 94 А;wc, mag, glass, pum, cls;dt, ai98, ai95, ai92;7;39,7;;37,9;40,9;47,4;
1;53;50,613918;36,533484;Белгородская область, город Белгород, улица Сумская, 104;wc, mag, glass, pum, cls;dt, ai98, ai95, ai92;7;39,7;;37,9;40,9;47,4;
1;52;50,591465;36,600493;Белгородская область, город Белгород, улица Белгородского полка, 6;wc, mag;dt, ai98, ai95, ai92;7;39,7;;37,9;40,9;47,4;
2;51;50,648199;36,56822;Белгородская область, Белгородский район, в границах ЗАО Агро-Хохлово;wc, mag, glass, pum, cls;dt, ai95, ai92, ai98 ;7;39,7;;37,9;40,9;47,4;17,1
1;50;50,631146;36,571989;Белгородская область, город Белгород, проспект Б. Хмельницкого, 137 И;wc, mag, glass, pum, cls;dt, ai98, ai95, ai92;7;39,7;;37,9;40,9;47,4;
2;5;44,2091;43,436;Ставропольский край, Георгиевский район, станица Подгорная, переулок Шоссейный, 2 Б;wc, mag,  pum, cls;dt, ai95, ai92, sg;13;39,97;;39,77;42,67;;17,77
2;49;50,537428;36,472483;Белгородская область, Белгородский район, автодорога Москва-Харьков, 678 км слева ;wc, mag, cafe, glass, pum, cls;dt, ai98, ai95, ai92;7;39,7;;37,9;40,9;47,4;
3;4803;52,582234;39,486529;Липецкая область, город Липецк, улица Ангарская, стр. 2 А;;dt, ai95, ai92;18;38,9;;37,2;39,9;;
1;179;47,421613;40,042806;Ростовская область, город Новочеркасск, проспект Баклановский, 188 А;wc, pum, cls;dt, ai95, ai92;3;40,1;;39,7;42,9;;
1;178;47,46823;40,10092;Ростовская область, город Новочеркасск, улица Харьковское шоссе, 8 В;wc, pum, cls;dt, ai95, ai92;3;40,1;;39,7;42,9;;19,5
1;177;47,50678;42,1741;Ростовская область, город Волгодонск, улица Морская, 130;pum;dt, ai95, ai92;3;40,1;;39,6;42,9;;
1;176;47,527583;42,203642;Ростовская область, город Волгодонск, улица Курчатова, 36 А;pum;dt, ai95, ai92, sg;3;40,1;;39,6;42,9;;19,5
1;175;47,5344;42,135197;Ростовская область, город Волгодонск, улица Бетонная, 1-я, 3;pum;dt, ai95, ai92, sg;3;40,1;;39,6;42,9;;19,5
2;174;46,87222;39,70315;Ростовская область, Азовский район, п. Самарское, ФАД М-4 Дон, 1109 км, +200 м;wc, mag, cafe, glass, pum, cls;dt, ai95, ai92, sg;3;39,9;;39,8;43,2;;20
1;173;47,70939;40,151033;Ростовская область, город Шахты, улица Дачная, 264 А;pum;dt, ai95, ai92, sg;3;40,1;;39,6;42,9;;20
2;172;47,760351;40,149053;Ростовская область, Красносулинский район, п.  Аюта, ФАД М-4 Дон, 994 км;wc, mag,  glass, pum, cls;dt, ai95, ai92, sg;3;39,9;;39,7;42,9;;20
1;171;47,239176;39,749805;Ростовская область, город Ростов-на-Дону, проспект Шолохова, 11 В;wc, pum, cls;dt, ai98, ai95, ai92;3;40,8;;39,7;42,9;47,7;
1;170;47,776058;39,926437;Ростовская область, город  Новошахтинск, улица Харьковская, 32;wc, mag, cafe, glass, pum ;dt, ai95, ai92;3;40,1;;39,7;42,9;;
2;17;44,235933;43,03225;Ставропольский край, село Побегайловка, улица Молодежная, 1750  м на восток от жилого дома 1;wc, mag,  pum, cls;dt, ai95, ai92, sg;13;39,97;;39,77;42,67;;17,77
1;169;47,237163;39,590296;Ростовская область, город Ростов-на-Дону, улица Доватора, 154 В; glass, pum ;dt, ai95, ai92;3;40,8;;39,7;42,9;;
1;168;48,043503;39,92717;Ростовская область, город Гуково, улица Магистральная, 28 ;wc,  glass, pum, cls, mag;dt, ai95, ai92;3;39,7;;39,1;42,9;;
2;167;49,178968;40,612957;Ростовская область, Миллеровский район,  х. Грай-Воронец, ФАД М-4 Дон, 825 км, +400 м слева;wc, mag, cafe, glass, pum, cls;dt, ai98, ai95, ai92, sg;3;39,9;;39,7;42,9;47,7;20
2;166;49,179627;40,612228;Ростовская область, Миллеровский район,  х. Грай-Воронец, ФАД М-4  Дон,  825 км, +400 м справа ;wc, mag, cafe, glass, pum, cls;dt, ai98, ai95, ai92, sg;3;39,9;;39,7;42,9;47,7;20
1;165;47,258623;39,850556;Ростовская область, Аксайский район, город Аксай, улица Гагарина/ улица Западная, 1 А - 4;wc, mag, cafe, glass, pum, cls;dt, ai95, ai92;3;39,9;;39,7;42,9;;
1;164;47,694249;40,205385;Ростовская область, город Шахты, улица Победы революции, 174  Г;wc, mag, glass, pum, cls;ai95, ai92;3;;;39,6;42,9;;
2;163;46,198889;41,125946;Ростовская область, с. Песчанокопское, автодорога Ростов-Ставрополь,  154 км слева;wc, mag, cafe, glass, pum, cls;dt, ai98, ai95, ai92, sg;3;40,1;;39,7;42,9;47,7;20
2;162;46,552836;40,646313;Ростовская область,  ст. Егорлыкская, улица Белозерцева, 126 А;wc, mag, cafe, glass, pum, cls;dt, ai98, ai95, ai92, sg;3;40,1;;39,7;42,9;47,7;20
2;161;46,755244;40,456236;Ростовская область, Зерноградский район, а/д Ростов-на-Дону – Ставрополь, 66 км, +100 м справа ;wc, mag, cafe, glass, pum, cls;dt, ai98, ai95, ai92, sg;3;40,1;;39,7;42,9;47,7;20
1;160;47,681191;40,20489;Ростовская область, п. Каменоломни, ул. Шоссейная, 1Д;wc, pum, cls;dt, ai95, ai92;3;40,1;;39,6;42,9;;
2;16;44,045433;43,01875;Ставропольский край, город Пятигорск, улица Ермолова, 14;wc, mag, cafe, pum, cls;dt, ai95, ai92, sg;13;39,97;;39,77;42,67;;17,77
2;159;48,178611;40,265317;Ростовская область, Красносулинский район, ФАД М-4 Дон, 945 км;wc, mag, cafe, glass, pum, cls;dt, ai98, ai95, ai92, sg;3;39,9;;39,7;42,9;47,7;20
1;158;46,469857;41,514153;Ростовская область, город Сальск, улица Свободы, 304;wc, mag, pum, cls;dt, ai95, ai92;3;40,1;;39,7;42,9;;
2;157;46,518381;41,332294;Ростовская область, Сальский район,  автодорога Егорлыкская - Сальск, 54 км;wc, mag, pum, cls;dt, ai95, ai92;3;40,1;;39,7;42,9;;
2;156;46,499544;41,522065;Ростовская область, Сальский район, автодорога Песчанокопское - Котельниково, 53 км;pum, cls;dt, ai95, ai92;3;40,1;;39,7;42,9;;
1;155;46,463612;41,527052;Ростовская область, город Сальск, улица Тихорецкая, 1-1А;;dt, ai95, ai92;3;40,1;;39,7;42,9;;
1;154;46,48178;41,565807;Ростовская область, город Сальск, улица Новостройка,  6;;dt, ai95, ai92;3;40,1;;39,7;42,9;;
1;153;46,476822;41,562792;Ростовская область, город Сальск, улица Новостройка, 4;;dt, ai95, ai92;3;40,1;;39,7;42,9;;
1;152;47,828841;39,917964;Ростовская область, город Новошахтинск, улица Налбандяна, 2 Е;pum, cls;dt, ai95, ai92;3;40,1;;39,7;42,9;;
2;205;44,655367;39,156078;Краснодарский край, город Горячий ключ, автодорога М-4 Дон, 1385 км,  + 45 м слева;wc, mag, cafe, glass, pum, cls, shower;dt, ai98, ai95, ai92, sg;1;39,9;;39,85;43,35;47,5;19,6
1;204;45,238102;39,012408;Краснодарский край, Динской район, ст. Новотитаровская, улица Луначарского, 1 А;wc, mag, glass, pum, cls;dt, ai95, ai92, sg;1;39,9;;39,85;43,35;;19,6
2;203;44,857998;38,200536;Краснодарский край, Абинский район, автодорога Краснодар - Новороссийск, 88 км, + 900 м слева ;wc, mag, cafe, glass, pum, cls;dt, ai98, ai95, ai92, sg;1;39,9;;39,85;43,35;47,5;18
2;202;46,141857;39,852412;Краснодарский край, Павловский район, с-ца Павловская, ФАД  М-4 Дон, 1193 км, + 700 м;wc, mag, cafe, pum, cls, shower;dt, ai98, ai95, ai92, sg;1;39,9;;39,85;43,35;47,5;19,3
1;201;45,607058;38,98402;Краснодарский край, город Тимашевск, автодорога Краснодар-Ейск, 61 км, +500 м;wc, mag, cafe, pum, cls;dt, ai95, ai92, ai98;1;39,9;;39,85;43,35;47,5;
2;200;44,903904;37,582641;Краснодарский край, город Новороссийск, Приморский округ, ст. Натухаевская, Азово-Черноморская автодорога, 343 км;wc;dt, ai95, ai92;1;39,9;;39,85;43,35;;
2;20;43,96445;42,774383;Ставропольский край, Предгорный район, поселок Подкумок, улица Ессентукская, б/н;wc, mag, cafe,  pum, cls;dt, ai95, ai92, sg;13;39,97;;39,77;42,67;;17,77
2;2;43,984853;43,131475;Ставропольский край, Предгорный район, 379 км автодороги  Краснодар-Баку  слева;wc, mag,  pum, cls;dt, ai95, ai92, sg;13;39,97;;39,77;42,67;;17,77
2;199;45,454343;40,523938;Краснодарский край, город Кропоткин, улица Федеральная,  35, трасса Павловская - Махачкала 100 км   ;wc, mag, pum, cls, glass;dt, ai95, ai92;1;39,9;;39,85;43,35;;
2;198;45,684882;39,606228;Краснодарский край, Выселковый район, южнее ст. Березанской, ФАД М-4 Дон, 1247 км,  + 980 м справа;wc, mag;dt, ai95, ai92;1;39,9;;39,85;43,35;;
1;197;45,070228;38,904873;Краснодарский край, город Краснодар, Прикубанский район, улица Красных Партизан, 2/5;wc ;dt, ai95, ai92;1;39,9;;39,85;43,35;;
1;196;45,841298;40,14385;Краснодарский край, город Тихорецк, улица Профильная, 2 А;wc;dt, ai95, ai92;1;39,9;;39,85;43,35;;
2;195;45,195012;37,671883;Краснодарский край, Темрюкский район, поселок Красный Октябрь, автодорога Темрюк-Краснодар-Кропоткин, 26 км,  + 350 м справа;wc;dt, ai95, ai92;1;39,9;;39,85;43,35;;
2;194;45,174913;37,275581;Краснодарский край, Темрюкский район, х. Белый, автодорога Новороссийск - Керченский пролив, 80 км;wc;dt, ai95, ai92;1;39,9;;39,85;43,35;;
1;193;45,095761;39,386115;Краснодарский край, Динской район, ст. Васюринская, трасса Краснодар-Кропоткин;wc, mag;dt, ai95, ai92;1;39,9;;39,85;43,35;;
1;192;46,12334;39,786805;Краснодарский край, ст. Павловская, ул. Советская, 52;wc;dt, ai95, ai92;1;39,9;;39,85;43,35;;
2;191;45,984357;39,733944;Краснодарский край, Павловский район, ФАД М-4 Дон, 1215 км, + 400 м ;wc;dt, ai95, ai92;1;39,9;;39,85;43,35;;
1;190;45,867632;40,102536;Краснодарский край, город Тихорецк, улица Меньшикова, 234/1;wc, glass, pum, cls;dt, ai95, ai92;1;39,9;;39,85;43,35;;
2;19;44,1881;43,143133;Ставропольский край, город Минеральные Воды, улица Островского, 121;wc, mag, pum, cls;dt, ai95, ai92, sg;13;39,97;;39,77;42,67;;17,77
2;189;44,301933;38,713259;Краснодарский край, Туапсинский район, поселок Джубга, улица Новороссийское шоссе, 114/1;wc, mag, cafe, glass;dt, ai95, ai92;1;39,9;;39,85;43,35;;
1;188;46,684658;38,265681;Краснодарский край, город Ейск, улица Б. Хмельницкого, 232/1;wc, pum;dt, ai95, ai92;1;39,9;;39,85;43,35;;
1;187;46,679451;38,295891;Краснодарский край, город Ейск, улица Коммунистическая, 77Д; pum;dt, ai95, ai92;1;39,9;;39,85;43,35;;
2;186;46,654989;38,377283;Краснодарский край, Ейский район, село Александровка, автодорога Краснодар-Ейск, 228 км, + 700 м;wc, mag, pum, cls;dt, ai95, ai92;1;39,9;;39,85;43,35;;
1;185;47,255616;39,794094;Ростовская область, город Ростов-на-Дону, улица Российская, 48 И;wc, mag, pum, cls, glass;dt, ai95, ai92;3;40,8;;39,7;42,9;;
1;184;47,507758;42,174003;Ростовская область, город Волгодонск, улица Морская, 53;wc, glass, pum, cls;dt, ai95, ai92;3;40,1;;39,6;42,9;;
1;183;47,533218;42,045701;Ростовская область, Волгодонский район, ст. Романовская, улица Тюхова, 135 ;pum;dt, ai95, ai92;3;40,1;;39,6;42,9;;
1;182;47,087186;39,428338;Ростовская область, город Азов, улица Победы, 16;mag, pum, cls;dt, ai98, ai95, ai92;3;40,1;;39,7;42,9;47,7;
2;181;47,136352;39,679854;Ростовская область, ФАД М4 Дон, ПК-1 объездной автодороги  Ростов-на-Дону - Азов  левая сторона;wc, mag, cafe, glass, pum, cls;dt, ai95, ai92;3;40,1;;39,7;42,9;;
2;180;47,136809;39,679127;Ростовская область, ФАД М4 Дон, ПК-1 объездной автодороги  Ростов-на-Дону - Азов правая сторона;wc, mag, cafe, glass, pum, cls;dt, ai95, ai92;3;40,1;;39,7;42,9;;
2;18;44,02685;43,110667;Ставропольский край, город Пятигорск, поселок Горячеводский,  улица Георгиевская;wc, mag, pum, cls;dt, ai95, ai92;13;39,97;;39,77;42,67;;18,27
2;124;52,106214;35,843584;Курская область, Фатежский район, с/с Русановский;wc, mag,  glass, pum, cls;dt, ai95, ai92;9;39,7;;37,9;41,1;;
1;123;51,722744;36,134695;Курская область, город Курск, улица Бойцов 9-й Дивизии, 201;wc, mag,  glass, pum, cls ;dt, ai95, ai92, ai98;9;39,7;;37,9;41,1;47,4;
1;122;51,730655;36,223624;Курская область, город Курск, улица 2-я Новоселовка, 2 Г;wc, mag,  glass, pum, cls;dt, ai95, ai92, ai98;9;39,7;;37,9;41,1;47,4;
1;121;51,725156;36,14093;Курская область, город Курск, улица Бойцов 9-й Дивизии, 190;wc, mag, cafe,  glass, pum, cls;dt, ai95, ai92;9;39,7;;37,9;41,1;;
2;120;51,315631;36,183897;Курская область, Обояньский район, хутор Дрозды, улица Центральная, 56 ;wc, mag,  glass, pum, cls;dt, ai95, ai92, ai98;9;39,7;;37,9;41,1;47,4;
2;12;44,071317;42,8659;Ставропольский край,  Предгорный район, поселок Санамер, участок Гослесфонда Новоблагодарненского МО   ;wc, mag, cafe,  pum, cls;dt, ai95, ai92, sg;13;39,97;;39,77;42,67;;17,77
1;119;51,712925;36,13536;Курская область, город Курск, улица Сумская, 51 А;wc, mag,  glass, pum, cls;dt, ai95, ai92;9;39,7;;37,9;41,1;;
1;118;51,657756;36,135775;Курская область, город Курск, пр-т Кулакова, 148 В;wc, mag, cafe, glass, pum, cls;dt, ai95, ai92, ai98;9;39,7;;37,9;41,1;47,4;
1;117;51,714299;36,186305;Курская область, город Курск, улица Литовская, 2/1 А;wc, mag,  glass, pum, cls ;dt, ai95, ai92, ai98;9;39,7;;37,9;41,1;47,4;
1;116;51,746312;36,22327;Курская область, город Курск, улица ВЧК, 182 Б;wc, mag,  glass, pum, cls;dt, ai95, ai92;9;39,7;;37,9;41,1;;
2;115;51,7423;36,1008;Курская область, город Курск, улица Гремяченская, 8 А, ФАД М-2  Крым, 524 км, +200 м  слева;wc, mag,  glass, pum, cls;dt, ai95, ai92;9;39,7;;37,9;41,1;;
1;114;51,74059;36,258915;Курская область, город Курск, улица Республиканская, 53 А;wc, mag,  glass, pum, cls ;dt, ai95, ai92, ai98;9;39,7;;37,9;41,1;47,4;
1;113;51,694016;36,155483;Курская область, город Курск, улица Энгельса, 171 Е;glass, pum, cls;dt, ai95, ai92;9;39,7;;37,9;41,1;41,2;
2;112;53,068751;36,240848;Орловская область, Орловский район, д. Ивановское, автодорога Москва-Харьков, 349 км, +500 м ;wc, mag, glass, pum, cls;dt, ai95, ai92;10;38,9;;37,5;40,4;;
1;111;54,02545;38,288117;Тульская область, город Новомосковск, ул Трудовые резервы, 60;wc, mag, pum, glass, cls;dt, ai95, ai92;14;39,6;;37,6;40,2;;
2;110;53,051183;38,197533;Тульская область, Ефремовский район, Кругликовский село, ФАД М-4, 324 км,  +600 м слева;wc, mag, cafe,  glass, pum, cls, shower;dt, ai98, ai95, ai92, sg;14;39,9;;38,9;41,7;45,5;18,6
2;11;43,992046;43,033416;Ставропольский край, Предгорный район, с. Юца, улица Комсомольская, 2 А ;wc, mag, cafe, pum, cls;dt, ai95, ai92, sg;13;39,97;;39,77;42,67;;17,77
2;109;53,04965;38,19725;Тульская область, Ефремовский район, Кругликовский село, ФАД М-4, 324 км, +600 м справа;wc, mag,  glass, pum, cls;dt, ai95, ai92;14;39,9;;38,9;41,7;;
1;108;54,033333;38,259533;Тульская область, город Новомосковск, улица Мира, 17 Б;wc, mag, pum, glass, cls;dt, ai95, ai92;14;39,6;;37,6;40,2;;
1;107;54,012967;38,265567;Тульская область, город Новомосковск, ул Космонавтов,  4 А;wc, mag, pum, glass, cls;dt, ai95, ai92;14;39,6;;37,6;40,2;;
1;106;53,98235;38,3094;Тульская область, город Донской, поселок Новоугольный, улица Новомосковская, 50;wc, mag, pum, glass, cls;dt, ai95, ai92;14;39,6;;37,6;40,2;;
1;105;53,968283;38,3673;Тульская область, город Донской, мкрайон Центральный, улица Горняцкая, 22 Б;wc, mag, glass, pum, cls;dt, ai95, ai92;14;39,6;;37,6;40,2;;
2;104;54,435283;38,18525;Тульская область, Веневский район, ФАД М-4, 161 км, +550 м слева;wc, mag,  glass, pum, cls;dt, ai95, ai92;14;39,9;;38,9;41,7;;
2;103;54,43505;38,183783;Тульская область, Веневский район, ФАД М-4, 161 км, +550 м справа;wc, mag,  glass, pum, cls;dt, ai95, ai92;14;39,9;;38,9;41,7;;
2;102;52,224609;39,106317;Липецкая область, Хлевенский район, поселение Елец-Маланинский с/с, М-4, 446 км слева;wc, mag, cafe, pum, cls;dt, ai95, ai92, sg;18;39,9;;39,2;42,1;32;18
2;101;52,224507;39,106247;Липецкая область, Хлевенский район, поселение Елец-Маланинский с/с,  М-4,  446 км справа;wc, mag, cafe, pum, cls;dt, ai95, ai92, sg;18;39,9;;39,2;42,1;32;18
2;100;47,510417;40,858417;Ростовская область, а/д Семикаракорск-Волгодонск 97 км, слева;wc, mag, cafe, pum, cls;dt, ai95, ai92, sg;3;40,1;;39,7;42,9;;20
2;10;44,227133;43,1185;Ставропольский край, Минераловодский район, поселок Первомайский, улица Московская, 18 Б  ;wc, mag, cafe, pum, cls;dt, ai95, ai92, sg;13;39,97;;39,77;42,67;;17,77
2;1;44,140317;43,125283;Ставропольский край, Минераловодский район, автодорога Кавказ, 357 км, +450 м;wc, mag, cafe,  pum, cls;dt, ai95, ai92, sg;13;39,97;;39,77;42,67;;17,77
1;151;47,288109;38,844741;Ростовская область,  Неклиновский район, село Николаевка, улица Ленина, 309 Д;pum;dt, ai95, ai92;3;40,1;;39,6;42,9;;
1;150;47,158194;39,74437;Ростовская область, город Батайск, Северное ш., 1;wc, mag, pum, cls;dt, ai95, ai92;3;40,1;;39,7;42,9;;
2;15;44,060199;43,046237;Ставропольский край, город Пятигорск, шоссе Бештаугорское, 49;wc, mag, glass, pum, cls;dt, ai95, ai92, sg;13;39,97;;39,77;42,67;;17,77
2;149;46,346031;39,374281;Краснодарский край, Ленинградский район, ст. Ленинградская, улица Придорожная, 3;wc, mag, pum, cls;dt, ai95, ai92;1;39,9;;39,85;43,35;;
1;148;46,688277;38,264161;Краснодарский край, Ейский район, город Ейск, улица Армавирская, 202;wc, pum, cls;dt, ai95, ai92;1;39,9;;39,85;43,35;;
2;147;45,220795;39,682553;Краснодарский край, Усть-Лабинский район, город Усть-Лабинск, улица Заполотняная, 41;pum;dt,  ai95, ai92;1;39,9;;39,85;43,35;;
1;146;46,667543;38,289081;Краснодарский край, Ейский район, город Ейск, улица Щорса 55/2, улица Мичурина, 33;wc, mag, pum, cls;dt, ai95, ai92;1;39,9;;39,85;43,35;;
2;145;46,284352;39,829511;Краснодарский край, Крыловский р-он, ст. Октябрьская, ФАД М-4 Дон, 1178 км,  + 480 м слева;wc, mag, pum, cls;dt, ai98, ai95, ai92;1;39,9;;39,85;43,35;47,5;
1;144;44,608669;40,054704;Республика Адыгея, город Майкоп, улица 12 марта, 181;wc, mag, glass, pum ;dt, ai95, ai92;25;39,9;;39,85;43,35;;
1;143;44,624434;40,052655;Республика Адыгея, город Майкоп, улица Димитрова, 37;wc, mag ;dt, ai95, ai92;25;39,9;;39,85;43,35;;
1;142;51,757073;36,131872;Курская область, город Курск, улица 50 лет Октября, 126 Б;wc, mag, cafe, glass, pum, cls;dt, ai95, ai92 ;9;39,7;;37,9;41,1;;
1;141;51,656481;35,638196;Курская область, город Курчатов, улица Ленинградская, 10;wc, mag, cafe, glass, pum, cls;dt, ai95, ai92, ai98;9;39,7;;37,9;41,1;47,4;
2;140;53,053468;33,965451;Брянская область, Выгонический район, село Лопушь, автодорога Брянск-Новозыбков, 36 км, +250  слева;  mag, cafe, glass, pum, cls;dt, ai95, ai92, sg;5;39,99;;37,3;40,3;;18,5
2;14;44,00785;43,075983;Ставропольский край, город Пятигорск, поселок Горячеводский, улица Захарова, 14;wc, mag,  pum, cls;dt, ai95, ai92, sg;13;39,97;;39,77;42,67;;17,77
1;139;53,288244;34,300108;Брянская область, город Брянск, улица Флотская, 19 А;wc, mag, cafe, glass, pum, cls;dt, ai95, ai92;5;39,99;;37,3;40,3;;
2;138;52,752856;39,6894;Липецкая область, Липецкий район, автодорога Липецк-Чаплыгин, поворот на село Большая Кузьминка;wc, mag, pum, cls;dt, ai95, ai92;18;39,9;;38,2;40,9;;
1;137;52,585121;39,456954;Липецкая область, город Липецк, улица Юношеская;wc, mag, pum, cls;dt, ai95, ai92;18;39,9;;38,2;40,9;;
2;136;52,194972;39,093431;Липецкая область, Хлевенский район,  сельское поселение Хлевненский с/с,  село Хлевное, улица Свободы;wc, mag, pum, cls;dt, ai95, ai92;18;39,9;;38,2;40,9;;
1;135;52,572461;39,601729;Липецкая область, город Липецк, улица Металлургов, 8;wc, mag, pum, cls;dt, ai95, ai92;18;39,9;;38,2;40,9;;
1;134;47,257793;39,633586;Ростовская область, город Ростов-на-Дону, улица Таганрогская, 134 А;wc, mag, glass, pum, cls;dt, ai95, ai92;3;40,8;;39,7;42,9;;
1;133;50,657971;36,607552;Белгородская область, Белгородский р-он, село Беломестное, улица Западная, 1;wc, mag, cafe, glass, pum, cls;dt, ai98, ai95, ai92;7;39,7;;37,9;40,9;47,4;
1;132;50,614902;36,613079;Белгородская область, город Белгород, улица Калинина, 91;wc, mag, glass, pum, cls;dt, ai98, ai95, ai92;7;39,7;;37,9;40,9;47,4;
1;131;51,64914;39,093908;Воронежская область, город Воронеж, Проспект Патриотов,  60 А;wc, mag, pum, cls;dt, ai98, ai95, ai92;6;39,9;;37,6;40,9;39,1;
2;130;51,651389;39,039781;Воронежская область, Семилукский район, автодорога Курск-Воронеж-Борисоглебск, 212 км ;wc,  mag, pum, cls;dt, ai95, ai92;6;39,9;;37,6;40,9;;
2;13;44,167317;43,495533;Ставропольский край, Георгиевский район, c. Краснокумское, улица Кирова;wc, mag,  pum, cls;dt, ai95, ai92, sg;13;39,97;;39,77;42,67;;17,77
2;129;51,979609;39,229935;Воронежская область, Рамонский район, поселок Комсомольский, ул. Южная, 12,  ФАД  М-4 Дон, 476 км, +450 м слева;wc, mag, cafe, glass, pum, cls;dt, ai98, ai95, ai92, sg;6;39,9;;39,2;42,1;45,9;18
2;128;51,981305;39,221696;Воронежская область, Рамонский район, поселок Комсомольский, ФАД  М-4 Дон,  476 км, +450 м справа;wc, mag, cafe, glass, pum, cls;dt, ai98, ai95, ai92, sg;6;39,9;;39,2;42,1;45,9;18
2;127;50,047655;40,468495;Воронежская область, Богучарский район, севернее съезда на село Филоново, ФАД М-4 Дон, 725 км, +350 м влево;wc, mag, cafe, glass, pum, cls;dt, ai98, ai95, ai92, sg;6;39,9;;39,2;42,1;45,9;18
2;126;50,046214;40,466971;Воронежская область, Богучарский район, севернее съезда на село Филоново,ФАД М-4  Дон, 725 км, +400 м вправо  ;wc, mag, cafe, pum, cls;dt, ai98, ai95, ai92, sg;6;39,9;;39,2;42,1;45,9;18
2;125;49,952154;40,531328;Воронежская область, Богучарский район примерно в 550 м по направлению на север от границы г. Богучар;wc, mag, cafe, pum, cls, shower;dt, ai98, ai95, ai92, sg;6;39,9;;39;42,1;45,9;17,7
2;284;56,754417;53,160095;Республика Удмуртия,  поселок Совхозный,  автодорога Ижевск-Можга, 21 км ;wc, mag,  cafe, glass, pum, cls;dt, ai95, ai92 ;15;40,9;;37,6;40,6;;
2;281;56,912681;53,332829;Республика Удмуртия, город Ижевск,  Воткинское шоссе, пов. на поселок Хохряки;mag, pum, wc;dt, ai95, ai92;15;40,9;;37,6;40,6;;
1;280;56,876361;53,283477;Республика Удмуртия, город Ижевск улица Автозаводская, 33, около Дома моделей;wc, mag,  glass, pum, cls;dt, ai95, ai92;15;40,9;;37,6;40,6;;
1;28;46,344283;47,985267;Астраханская область, город Астрахань, Трусовский район, переулок Ульяновский, 27;mag, pum, cls;dt, ai95, ai92;8;39,9;;38,95;42,15;;
2;279;48,942248;44,231042;Волгоградская область, Городищенский район, автодорога Москва-Волгоград Каспий, 933 км, +700 м справа ;wc, mag, glass, pum, cls;dt, ai98, ai95, ai92;4;39,9;;38,65;41,9;47,1;
1;278;48,796247;44,764981;Волгоградская область, город Волжский, улица Пушкина, 18 Б;wc, mag,  glass, pum, cls;dt, ai95, ai92;4;35,4;;38,65;41,9;;
1;277;48,557294;44,443245;Волгоградская область, город Волгоград, улица Лазоревая, 358;wc, mag, glass, pum, cls;dt, ai95, ai92;4;39,9;;38,35;41,9;;
1;276;48,70574;44,495922;Волгоградская область, город Волгоград, улица Симбирская, 1 Б; mag, pum, cls;dt, ai98, ai95, ai92;4;39,9;;38,65;41,9;47,1;
1;275;48,759136;44,786246;Волгоградская область,  город Волжский, проспект Ленина, 308 Д;wc, mag, glass, pum, cls;ai98, ai95, ai92;4;;;38,65;41,9;47,1;
1;274;48,764301;44,513532;Волгоградская область, город Волгоград, улица им. Землячки, 39 Б;wc, mag, glass, pum, cls;dt,  ai95, ai92;4;39,9;;38,65;41,9;;
1;273;48,753662;44,52499;Волгоградская область, город Волгоград, Дзержинский район, улица Землячки, 80 А;wc, cls;dt, ai95, ai92;4;39,9;;38,35;41,9;;
1;272;48,752216;44,529321;Волгоградская область, город Волгоград, Краснооктябрьский район, улица Черноярская, 100 Б; mag, cafe, glass, pum, cls;ai98, ai95, ai92;4;;;38,65;41,9;47,1;
2;271;48,636992;42,872686;Волгоградская область,  Суровикинский район, автодорога Волгоград-Кишинев,  132 км ;wc, mag, glass, pum, cls;dt, ai98, ai95, ai92;4;40,2;;39,05;41,9;47,1;
1;270;48,519879;44,501767;Волгоградская область, город Волгоград, Красноармейский район, улица Лазоревая, 127 А;wc, mag, pum, cls;dt, ai95, ai92;4;39,9;;38,35;41,9;;
1;27;46,407783;48,133633;Астраханская область, город Астрахань, Ленинский район, улица Краматорская, 147;mag, pum, cls;dt, ai95, ai92;8;39,9;;38,95;42,15;;
2;268;43,751448;44,626364;Республика Северная Осетия - Алания, Моздокский район, ст. Луковская, улица Усанова, 22;mag, glass, pum, cls;dt, ai98, ai95, ai92, sg;12;39,5;;38,1;40,3;47,9;17
1;267;43,001361;44,681758;Республика Северная Осетия - Алания, город Владикавказ, улица Красногвардейская, 2;wc, mag, glass, pum, cls;dt, ai98, ai95, ai92,  sg;12;39,5;;38,1;40,3;47,9;17,5
1;266;43,058058;44,656589;Республика Северная Осетия - Алания, город Владикавказ, улица Московская, 1;mag, glass, pum, cls;dt, ai98, ai95, ai92,  sg;12;39,5;;38,1;40,3;47,9;17,5
2;265;43,078229;44,599873;Республика Северная Осетия - Алания, Пригородный район, ст. Архонская, Архонское шоссе, 15 км;wc, mag, glass, pum, cls;dt, ai95, ai92,  sg;12;39,5;;38,1;40,3;47,9;17,5
2;264;43,026493;44,574808;Республика Северная Осетия - Алания, Пригородный район, с. Гизель,  автодорога  Владикавказ-Алагир, 5-й км;wc, mag, glass, pum, cls;dt, ai95, ai92, ai98, sg;12;39,5;;38,1;40,3;47,9;17,5
1;263;43,027597;44,708045;Республика Северная Осетия - Алания, город Владикавказ, улица Шмулевича/Магкаева, 45/1 Б;mag, glass, pum, cls;dt, ai95, ai92,  sg;12;39,5;;38,1;40,3;39;17,5
2;262;43,173248;44,274622;Республика Северная Осетия - Алания, Ардонский район, город Ардон, трасса Ардон-Алагир, 1 км;wc, mag, glass, pum, cls;dt, ai95, ai92, ai98, sg;12;39,5;;38,1;40,3;47,9;17,5
2;261;43,111969;44,524674;Республика Северная Осетия - Алания, Пригородный район, ст. Архонская, Архонское шоссе, 15-й километр;wc, mag, glass, pum, cls;dt, ai95, ai92, sg;12;39,5;;38,1;40,3;39;17,5
3;2605;44,06073;43,019629;Ставропольский край, город Пятигорск, Бештаугорское шоссе,  район гипермаркета  МЕТРО Кэш энд Керри;;dt, ai95, ai92;13;38,97;;38,77;41,67;;
3;2604;44,038873;43,099344;Ставропольский край, город Пятигорск, улица Теплосерная;;dt, ai95, ai92;13;38,97;;38,77;41,67;;
3;2603;44,627094;41,92595;Ставропольский край, город Невиномысск, улица Матросова;;dt, ai95, ai92;13;38,97;;38,77;41,67;;
3;2602;44,622934;41,985449;Ставропольский край, город Невиномысск, улица Калинина;;dt, ai95, ai92;13;38,97;;38,77;41,67;;
3;2601;44,603867;41,961744;Ставропольский край, город Невиномысск, улица Апанасенко;;dt, ai95, ai92;13;38,97;;38,77;41,67;;
3;3103;50,556487;36,598556;Белгородская область, город Белгород, улица Сургутская, 80 Б;;dt, ai95, ai92;7;38,7;;36,9;39,9;;
3;3102;50,607973;36,630607;Белгородская область, город Белгород, улица Студенческая, 1 Т;;dt, ai95, ai92;7;38,7;;36,9;39,9;;
3;3101;50,551161;36,649632;Белгородская область, город Белгород, улица Волчанская, 159 В;;dt, ai95, ai92;7;38,7;;36,9;39,9;;
1;31;46,5195;48,075;Астраханская область, Наримановский район, село Тулугановка, улица Баксанская, 4 ;mag;ai95, ai92;8;;;38,95;42,15;;
2;305;50,269974;39,256528;Воронежская область, Ольховатский район, поселок Большие Базы, улица Суворова, 154;wc, mag;dt, ai95, ai92;6;39,9;;39;42,1;;
2;303;51,429736;39,300673;Воронежская область, Каширский район, автодорога Воронеж-Нововоронеж,  29 км,  + 100 м справа; mag;dt, ai95, ai92;6;39,9;;38,3;40,9;;
2;302;51,611872;41,973455;Воронежская область, Грибановский район, село Алексеевка, ул. Проезжая, 1;wc, mag;dt, ai95, ai92;6;39,5;;39,1;42,1;;
2;301;51,218197;42,111449;Воронежская область, Поворинский район, село Рождественское ,  ул. Крупской, 1А;wc, mag;dt, ai95, ai92;6;39,5;;39,1;42,1;;
3;3002;46,390039;48,105915;Астраханская область, город Астрахань, улица Соликамская, 78;;dt, ai95, ai92;8;39,2;;37,95;41,15;;
3;3001;46,342773;48,118124;Астраханская область, город Астрахань, улица Началовская, 2 А;;dt, ai95, ai92;8;39,2;;37,95;41,15;;
2;300;51,318948;39,614501;Воронежская область, Каширский район, ФАД М-4 Дон,  562 км, +600 м слева;wc, mag, cafe;dt, ai98, ai95, ai92;6;39,9;;39,2;42,1;45,9;
1;30;46,361594;48,073758;Астраханская область, город Астрахань, Кировский район, улица Б. Алексеева, 49 Б;mag, pum, cls, wc;dt, ai95, ai92;8;39,9;;38,95;42,15;;
2;3;44,0732;42,977833;Ставропольский край, Предгорный район, село Вин-Сады, Черкесское шоссе, 2 км;wc, mag,  pum, cls;dt, ai95, ai92, sg;13;39,97;;39,77;42,67;;17,77
2;299;51,426366;39,563254;Воронежская область, ФАД М-4, 550 км справа;wc,  mag, pum, cls;dt, ai95, ai92;6;39,9;;39,2;42,1;;
2;298;51,692738;39,376905;Воронежская область,  Новоусманский р-н, с. Бабяково, автодорога Воронеж-Тамбов,  15 км, + 800 м  справа;wc, mag,  glass, pum, cls;dt, ai98, ai95, ai92;6;39,9;;38,9;42,1;45,9;
1;297;56,872269;53,227086;Республика Удмуртия, город Ижевск,  улица 10 лет Октября, 77;wc, mag,  glass, pum;dt, ai98, ai95, ai92;15;40,9;;37,6;40,6;47,9;
1;296;56,861643;53,188848;Республика Удмуртия, город Ижевск, улица Кирова, 74;wc, mag,  glass, pum;dt, ai98, ai95, ai92;15;40,9;;37,6;40,6;47,9;
2;295;56,835828;53,421707;Республика Удмуртия, Завьяловский район,  д. Старое Мартьяново, Аэропорт;wc, mag,  glass, pum;dt, ai95, ai92 ;15;40,9;;37,6;40,6;;
1;294;56,849113;53,255217;Республика Удмуртия, город Ижевск, улица Чапаева, 2;wc, mag,  glass, pum;dt, ai95, ai92;15;40,9;;37,6;40,6;;
1;293;56,832611;53,220112;Республика Удмуртия, город Ижевск, переулок Ботеневский, 21 А;wc, mag,  glass, pum;dt, ai95, ai92 ;15;40,9;;37,6;40,6;;
1;292;56,875083;53,281116;Республика Удмуртия, город Ижевск, улица Ворошилова, 90;wc, mag,  glass, pum;dt, ai95, ai92;15;40,9;;37,6;40,6;;
1;291;56,871706;53,250303;Республика Удмуртия, город Ижевск, ул. 8 Марта, 135;wc, mag,  glass, pum, cls;dt, ai98,  ai95, ai92;15;40,9;;37,6;40,6;47,9;
1;290;57,043174;54,031185;Республика Удмуртия, город Воткинск, Гавриловский тракт, 4;wc, mag,  glass, pum, cls;dt, ai95, ai92 ;15;40,9;;37,6;40,6;;
1;29;46,401783;48,105417;Астраханская область, город Астрахань, Ленинский район, улица Автозаправочная, 5;mag, pum, wc;dt, ai95, ai92;8;39,9;;38,95;42,15;;
1;288;56,893183;53,229017;Республика Удмуртия, город Ижевск, улица Славянское шоссе, 0/7; mag;dt, ai95, ai92;15;40,9;;37,6;40,6;;
2;287;56,838222;53,341434;Республика Удмуртия, автодорога  Ижевск-Завьялово,  12 км,  поворот на Аэропорт;mag, pum;dt, ai95, ai92;15;40,9;;37,6;40,6;;
2;286;56,879386;53,167562;Республика Удмуртия, поселок Дорожный,  Як-Бодьинский тракт,  автодорога Ижевск-Игра, 14 км;wc, mag, pum;dt, ai95, ai92 ;15;40,9;;37,6;40,6;;
2;232;46,8156;39,67191;Ростовская область, х. Степнянский, улица Гагарина, 1 Б,  ФАД М-4  Дон, 1116 км;wc, mag, cafe, glass, pum, cls;dt, ai98, ai95, ai92, sg;3;39,9;;39,8;43,2;47,7;20
2;231;46,81545;39,67032;Ростовская область, х. Степнянский, улица Гагарина, 1 А,  ФАД М-4  Дон, 1116 км;wc, mag, cafe, glass, pum, cls;dt, ai98, ai95, ai92, sg;3;39,9;;39,8;43,2;47,7;20
2;230;47,6495;40,023986;Ростовская область, Октябрьский район, автодорога М-4 Дон, 1010 км  справа;wc, mag, cafe, glass, pum, cls;dt, ai98, ai95, ai92, sg;3;39,9;;39,7;42,9;47,7;20
1;23;44,998948;41,925716;Ставропольский край, город Ставрополь, улица Доваторцев, 64 Б , квартал 437;wc, mag;dt, ai95, ai92;13;39,97;;39,77;42,67;;18,27
1;229;47,277229;38,936896;Ростовская область, город Таганрог, улица Маршала Жукова, 4/1;wc, mag, pum, cls;dt, ai95, ai92, sg;3;40,1;;39,6;42,9;;21
1;228;47,112692;39,752494;Ростовская область, город Батайск, улица Промышленная, 4 Б;wc,  mag, pum, cls;dt, ai95, ai92;3;40,1;;39,7;42,9;;16
1;227;48,33093;39,95111;Ростовская область, город Донецк, улица Королева, 3;wc,  pum;dt, ai95, ai92, sg;3;40,1;;39,7;42,9;;20
1;226;47,735644;40,303527;Ростовская область, город Шахты, проспект Ленинского комсомола, 1 Г;wc,  pum;dt, ai95, ai92, sg;3;40,1;;39,6;42,9;;20
2;225;44,843799;38,65239;Краснодарский край, Северский район, ст. Северская, ФАД Краснодар – Новороссийск, 49 км, +400 м слева;wc, mag, cafe, glass, pum, cls;dt, ai98, ai95, ai92, sg;1;39,9;;39,85;43,35;47,5;19,3
2;224;45,530283;39,453621;Краснодарский край, Кореновский район, х. Малеванный,  ФАД  М-4 Дон,  1271 км,  + 500 м справа;wc, mag, cafe, glass, pum, cls;dt, ai98, ai95, ai92, sg;1;39,9;;39,85;43,35;47,5;19,3
1;223;46,065504;40,881211;Краснодарский край, Белоглинский район, село Белая Глина, улица Южная;wc, mag, glass, pum, cls;dt, ai95, ai92;1;39,9;;39,85;43,35;;
1;222;45,127396;39,013621;Краснодарский край, город Краснодар, Прикубанский округ, Ростовское шоссе, 56;wc, glass, pum, cls;dt, ai98, ai95, ai92;1;39,9;;39,85;43,35;47,5;
1;221;45,150543;39,058585;Краснодарский край, город Краснодар, Прикубанский округ, ул. Почтовое отделение,  32;wc, glass, pum, cls;dt, ai98, ai95, ai92;1;39,9;;39,85;43,35;47,5;
1;220;45,634709;38,927237;Краснодарский край, г. Тимашевск, ул. Выборная, 5, автодорога северный объезд города Тимашевска, 0 км,  + 600 м справа; mag, glass, pum, cls;dt, ai95, ai92;1;39,9;;39,85;43,35;;
1;22;45,047769;41,911232;Ставропольский край, город Ставрополь, проспект Кулакова, 6 Б;wc, mag, pum, cls;dt, ai95, ai92;13;39,97;;39,77;42,67;;18,27
2;219;44,860619;38,495267;Краснодарский край, Северский район, п. Черноморский,  ФАД Краснодар – Новороссийск, 62 км, +700 м справа;wc, cafe, mag, pum, cls, shower;dt, ai98, ai95, ai92, sg;1;39,9;;39,85;43,35;47,5;18,7
1;218;46,122333;38,987453;Краснодарский край, Каневской район, ст. Стародеревянковская, центральный эллиптический островок кольцевого пересечения а/д Краснодар – Ейск, 125 км, + 800 м;wc, mag, cafe, glass, pum, cls;dt, ai98, ai95, ai92, sg;1;39,9;;39,85;43,35;47,5;19,3
2;217;45,754789;39,9245095;Краснодарский край, Выселковкий район, п. Газырь, автодорога Журавская – Тихорецк, 42 км, +950 м справа ;wc, mag, glass, pum, cls;dt, ai95, ai92;1;39,9;;39,85;43,35;;
2;216;45,669848;40,327345;Краснодарский край, Тихорецкий район, ст. Архангельская, автодорога Павловская-Махачкала, 62 км, + 100 м слева;wc, mag, cafe, glass, pum, cls, shower;dt, ai98, ai95, ai92, sg;1;39,9;;39,85;43,35;47,5;19,6
2;215;44,845129;38,548837;Краснодарский край, Северский район, поселок Ильский, автодорога Краснодар – Новороссийск, 58 км, +220 м;wc, pum, cls;dt, ai95, ai92;1;39,9;;39,85;43,35;;
1;214;45,080453;38,975158;Краснодарский край, город Краснодар, Прикубанский округ, улица Дзержинского, 64;wc,  pum, cls;dt, ai98, ai95, ai92;1;39,9;;39,85;43,35;47,5;
1;213;45,090959;39,013857;Краснодарский край, город Краснодар, Прикубанский округ, улица Российская, 85/1;wc, glass, pum, cls;dt, ai98, ai95, ai92;1;39,9;;39,85;43,35;47,5;
1;212;45,011991;39,068579;Краснодарский край, город Краснодар, Карасунский округ, улица им. Мачуги В.Н.,  2/6; pum, cls;dt, ai95, ai92;1;39,9;;39,85;43,35;;
1;211;45,029673;39,057636;Краснодарский край, город Краснодар, Карасунский округ, улица им. Лизы Чайкиной, 6/1;;dt, ai95, ai92;1;39,9;;39,15;43,35;;
1;210;45,111308;39,011807;Краснодарский край, город Краснодар, Прикубанский округ, улица Российская, 367;wc, mag, pum, cls;dt, ai95, ai92;1;39,9;;39,85;43,35;;
2;21;44,165983;43,453803;Ставропольский край, город Георгиевск, Октябрьская, 145/2;wc, mag, cafe,  pum, cls;dt, ai95, ai92, sg;13;39,97;;39,77;42,67;;17,77
1;209;45,014248;39,046617;Краснодарский край, город Краснодар, Прикубанский округ, улица Старокубанская, 98;wc, mag, cafe, pum, cls;dt, ai95, ai92;1;39,9;;39,85;43,35;;
1;208;45,014748;39,104845;Краснодарский край, город Краснодар, Карасунский округ, поселок Пашковский, улица Крупской, 8/2;wc,  pum, cls;dt, ai95, ai92;1;39,9;;39,85;43,35;33,5;
1;207;44,77166;39,908288;Краснодарский край, город Белореченск, автодорога Майкоп-Усть-Лабинск-Кореновск, 24 км, +800 м слева;wc, mag, cafe,;dt, ai98, ai95, ai92, sg;1;39,9;;39,85;43,35;47,5;19,3
1;206;46,050979;38,222111;Краснодарский край, город Приморско-Ахтарск, улица Фестивальная, 67;wc, glass, pum, cls;dt, ai98, ai95, ai92, sg;1;39,9;;39,85;43,35;47,5;19,6
2;260;43,317188;44,230109;Республика Северная Осетия - Алания, Кировский район, село Эльхотово, ФАД Ростов-Баку, 512 км;wc, mag, glass, pum, cls;dt, ai95, ai92, ai98, sg;12;39,5;;38,1;40,3;47,9;17,5
1;26;46,402767;47,992586;Астраханская область, Наримановский район, село Солянка, улица Магистральная, 30;mag, cafe, cls,  wc, pum;dt, ai95, ai92;8;39,9;;38,95;42,15;;
2;259;43,022828;44,227503;Республика Северная Осетия - Алания, Алагирский район, город Алагир, улица Ч. Басиевой, 2 ;wc, mag, glass, pum, cls;dt, ai95, ai92, ai98, sg;12;39,5;;38,1;40,3;47,9;17,5
1;258;43,04085;44,700985;Республика Северная Осетия - Алания, город Владикавказ, Карцинское шоссе, 10; mag, glass, pum, cls;dt, ai95, ai92, sg;12;39,5;;38,1;40,3;39;17,5
2;257;43,143182;44,590741;Республика Северная Осетия - Алания, Пригородный район, поселок Алханчурт, трасса Беслан - Владикавказ, 9-й км.;wc, mag, glass, pum, cls;dt, ai98, ai95, ai92, sg;12;39,5;;38,1;40,3;47,9;17,5
2;256;43,128622;44,598121;Республика Северная Осетия - Алания, Пригородный район, поселок Алханчурт, трасса Владикавказ-Беслан, 8 км;wc, mag, glass, pum, cls;dt,  ai95, ai92, sg;12;39,5;;38,1;40,3;40,9;17,5
1;255;43,052742;44,691861;Республика Северная Осетия - Алания, город Владикавказ, Черменское Шоссе, 4;wc, mag, glass, pum, cls;dt, ai98, ai95, ai92, sg;12;39,5;;38,1;40,3;47,9;17,5
1;254;43,043325;44,69254;Республика Северная Осетия - Алания, город Владикавказ, улица Ватутина, 101 А;mag, glass, pum, cls;dt, ai95, ai92, ai98, sg;12;39,5;;38,1;40,3;47,9;17,5
1;253;54,559952;36,247419;Калужская область, город Калуга, улица Железняки, 40 А;wc, mag, cafe;dt, ai95, ai92;2;38,5;;35,99;39,1;;
1;251;54,58404;36,25236;Калужская область, город Калуга, улица Московская, 338;wc, mag, pum, cls;dt, ai95, ai92;2;38,5;;35,99;39,1;;
1;250;54,54795;36,28408;Калужская область, город Калуга, улица 8 Марта, 2, корпоселок1;;dt, ai95, ai92;2;38,5;;35,99;39,1;;
2;25;44,027503;42,877316;Ставропольский край, ст. Ессентукская, улица Павлова, 12 Б;wc, mag, cafe,  pum, cls;dt, ai95, ai92;13;39,97;;39,77;42,67;;18,27
2;249;53,29658;36,665574;Орловская область, Мценский район, а/д Москва-Харьков, 312 км справа;wc, mag, glass, pum, cls, cafe;dt, ai98, ai95, ai92;10;38,6;;37,5;40,4;45,5;
1;248;52,999988;36,13725;Орловская область, город Орел, Московское шоссе, 117 А;wc, mag, glass, pum, cls;dt, ai95, ai92 ;10;38,9;;37,5;40,4;;
1;247;52,960658;36,140529;Орловская область, город Орел, Новосильское шоссе, 18 А; mag ;dt, ai95, ai92;10;38,9;;37,5;40,4;;
1;246;53,010498;36,138741;Орловская область, город Орел, улица Маринченко, 9 Д; mag, pum, cls;dt, ai95, ai92;10;38,9;;37,5;40,4;;
1;245;53,257964;36,526322;Орловская область, Мценский район, город Мценск, улица Автомагистраль; mag, pum, cls;dt, ai95, ai92;10;38,9;;37,5;40,4;;
1;244;52,947268;36,022332;Орловская область, город Орел, Карачаевское шоссе, 92;wc, mag, glass, pum, cls;dt, ai95, ai92 ;10;38,9;;37,5;40,4;;
2;243;52,922023;36,147367;Орловская область, Большекуликовское с/п, д. Грачевка, улица Тамбовская, 10;wc, mag, glass, pum, cls;dt, ai95, ai92;10;38,9;;37,5;40,4;;
1;242;53,450284;35,987806;Орловская область, город Болхов, улица Свердлова, 221;;dt, ai95, ai92;10;38,9;;37,5;40,4;;
1;241;52,926371;36,078232;Орловская область, город Орел, улица Поселковая, 21;wc, mag, glass, pum, cls;dt, ai95, ai92;10;38,9;;37,5;40,4;;
1;240;52,996339;36,028897;Орловская область, город Орел, Наугорское шоссе, 108;wc, mag, glass, pum, cls;dt, ai95, ai92;10;38,9;;37,5;40,4;;
1;24;45,011017;41,913228;Ставропольский край, город Ставрополь, улица Пирогова, 21;wc, mag, pum, cls;dt, ai95, ai92;13;39,97;;39,77;42,67;;18,27
1;239;52,969903;36,124416;Орловская область, город Орел, переулок Южный, 2;wc, mag, glass, pum, cls;dt, ai95, ai92;10;38,9;;37,5;40,4;;
1;238;52,936391;36,059494;Орловская область, город Орел, переулок Маслозаводской, 27;wc, mag, glass, pum, cls;dt, ai95, ai92;10;38,9;;37,5;40,4;;
1;237;53,000214;36,08664;Орловская область, город Орел, улица Раздольная, 6;wc, mag, glass, pum, cls;dt, ai95, ai92;10;38,9;;37,5;40,4;;
1;236;52,976112;36,096478;Орловская область, город Орел, переулок Заводской, 2;wc, mag, glass, pum, cls;dt, ai98, ai95, ai92;10;38,9;;37,5;40,4;45,5;
1;235;52,98036;36,051213;Орловская область, город Орел, Наугорское шоссе, 8;wc, mag, glass, pum, cls;dt, ai98, ai95, ai92;10;38,9;;37,5;40,4;45,5;
1;234;47,870536;40,028199;Ростовская область, город Красный Сулин, улица Сулинская;;dt, ai95, ai92;3;40,1;;39,7;42,9;;
1;233;47,894899;40,063223;Ростовская область, город Красный Сулин, улица Октябрьская, 2;wc, mag, glass, pum, cls;dt, ai95, ai92;3;40,1;;39,7;42,9;;
2;429;53,02334;39,174551;Липецкая область, город Лебедянь , ул. Шоссейный проезд;;dt, ai95, ai92;18;39,9;;38,2;40,9;;
2;417;44,493258;40,165936;Республика Адыгея, Майкопский район, пгт.Тульский, ФАД  Майкоп-Гузерипль, 17 км, +500 м;wc, mag;dt, ai95, ai92;25;39,9;;39,85;43,35;;
1;326;55,366039;42,164129;Нижегородская область, Выксунский район, Проммикрорайон 9, здание 6;mag, wc;dt, ai95, ai92;23;39,9;;37,9;40,6;;
1;310;48,632398;44,429413;Волгоградская область, город Волгоград, улица 64-й Армии, 58;wc, mag, cafe, glass, pum, cls;dt, ai95, ai92;4;39,9;;38,65;41,9;;
1;313;48,629525;44,426709;Волгоградская область, город Волгоград, улица 64-й Армии, 147;wc, mag, cafe, glass, pum, cls;dt, ai95, ai92, ai98;4;39,9;;38,65;41,9;47,1;
1;376;53,171621;48,564712;Самарская область город Сызрань улица Магистральная, 64;mag;dt, ai95, ai92;20;39,4;;37,7;40,99;;
1;269;48,499947;44,565614;Волгоградская область,  город Волгоград, Красноармейский район, улица им. Якуба Коласа, 50;wc,  mag,  glass, pum, cls;dt, ai95, ai92;4;39,9;;38,65;41,9;;
1;317;48,596049;44,421614;Волгоградская область, город Волгоград, улица Колосовая, 8 Д;wc, mag, cafe, glass, pum, cls;dt, ai95, ai92, ai98;4;39,9;;38,65;41,9;47,1;
1;318;48,515718;44,532582;Волгоградская область, город Волгоград, проспект Героев Сталинграда, 51 А;wc, mag, cafe, glass, pum, cls;dt, ai95, ai92, ai98;4;39,9;;38,45;41,9;47,1;
2;330;49,53494;45,26343;Волгоградская область, Быковский район, автотрасса Самара-Энгельс-Волгоград, 641 км;  mag ;dt, ai95, ai92;4;39,9;;38,65;41,9;;
1;312;48,764505;44,78493;Волгоградская область, город Волжский, проспект Ленина, 308 А;wc, mag, glass, pum, cls;dt, ai95, ai92;4;39,9;;38,65;41,9;;
1;311;48,786478;44,567143;Волгоградская область, город Волгоград, улица Еременко, 35 Б;wc, mag, glass, pum, cls;dt, ai95, ai92;4;39,9;;38,65;41,9;;
1;319;48,706404;44,485041;Волгоградская область, город Волгоград, улица Череповецкая, 8 А;wc, mag, cafe, glass, pum, cls;dt, ai98, ai95, ai92;4;39,9;;38,65;41,9;47,1;
1;309;48,704036;44,482353;Волгоградская область, город Волгоград, улица Череповецкая, 5 А;wc, mag, glass, pum, cls;ai98, ai95, ai92;4;;;38,65;41,9;47,1;
1;321;48,70745;44,497199;Волгоградская область, город Волгоград, улица Глубокоовражная, 25;wc, mag, cafe, glass, pum, cls;dt, ai98, ai95, ai92;4;39,9;;38,65;41,9;47,1;
1;314;48,521512;44,495667;Волгоградская область, город Волгоград, улица Лазоревая, 163 Г;wc, mag, cafe, glass, pum, cls;dt,  ai95, ai92;4;39,9;;38,65;41,9;;
1;320;48,787632;44,572773;Волгоградская область, город Волгоград, улица Еременко, 144 Б;wc, mag, cafe, glass, pum, cls;dt, ai98, ai95, ai92;4;39,9;;38,65;41,9;47,1;
2;329;49,32607;45,14468;Волгоградская область, Быковский район, автодорога Саратов-Энгельс-Волгоград,  684 км;  mag ;dt, ai95, ai92;4;39,9;;38,65;41,9;;
1;316;48,68579;44,480605;Волгоградская область, город Волгоград, улица Рабоче-Крестьянская, 48 Д;wc, mag, cafe, glass, pum, cls;dt, ai95, ai92, ai98;4;39,9;;38,65;41,9;47,1;
1;306;48,77986;44,519176;Волгоградская область, город Волгоград, улица Менделеева, 161;wc, mag, glass, pum, cls;dt, ai95, ai92;4;39,9;;37,85;41,2;;
1;308;48,737656;44,504111;Волгоградская область, город Волгоград, улица Качинцев, 59/1;wc, mag, cafe, glass, pum, cls;dt, ai95, ai92;4;39,9;;38,65;41,9;;
1;315;48,70326;44,456468;Волгоградская область, город Волгоград, улица Саши Филиппова, 106;wc, mag, cafe, glass, pum, cls;dt, ai95, ai92, ai98;4;39,9;;38,65;41,9;47,1;
1;307;48,806067;44,608617;Волгоградская область, город Волгоград, проспект Ленина, 142;wc, mag, cafe, glass, pum, cls; dt, ai95, ai92;4;39,9;;38,65;41,9;;
1;325;45,120767;41,96425;Ставропольский край, Шпаковский район, с. Верхнерусское, ул. Батайская, 17 ;mag, cafe;dt, ai95, ai92;13;39,97;;39,77;42,67;;18,27
1;418;45,108475;41,00684;Краснодарский край, Новокубанский район, город Новокубанск, ФАД Кавказ, 4 км, + 500 м; mag ;dt, ai95, ai92;1;39,9;;39,85;43,35;;
2;324;51,883741;34,347374;Брянская область, Севский район, автодорога Украина, 518 км;wc,  mag, cafe, glass, pum, cls;dt, ai95, ai92;5;39,99;;37,3;40,3;;
1;419;53,09234;38,03439;Тульская область, город Ефремов, Тульское шоссе, 32; mag;dt, ai95, ai92;14;39,4;;37,5;40,5;;
